product_id,name,category,description,price
1,Smart Device,Books,Ball Mystery Soccer Novel Desk Desk Jacket Ball Cotton Cotton.,248.41
2,Cotton Jacket,Sports,Novel Tool Mystery Desk Phone Ball Phone Novel Book Smart.,282.87
3,Smart Jacket,Clothing,Lamp Tool Desk Novel Novel Jacket Jacket Smart Phone Ball.,215.5
4,Soccer Tool,Electronics,Leather Device Ball Book Phone Cotton Shirt Desk Lamp Phone.,225.59
5,Wireless Book,Clothing,Ball Desk Book Ball Novel Book Shoe Jacket Smart Classic.,434.97
6,Garden Shirt,Home & Garden,Book Desk Desk Wireless Jacket Mystery Phone Soccer Shoe Smart.,34.31
7,Soccer Ball,Home & Garden,Shoe Wireless Shirt Book Phone Phone Lamp Novel Garden Tool.,368.02
8,Desk Lamp,Sports,Classic Device Classic Ball Lamp Jacket Novel Desk Novel Running.,387.89
9,Classic Novel,Electronics,Leather Ball Smart Device Garden Smart Mystery Smart Novel Garden.,385.01
10,Mystery Tool,Home & Garden,Mystery Ball Mystery Novel Wireless Classic Garden Book Book Wireless.,317.9
11,Garden Shirt,Clothing,Device Classic Leather Mystery Jacket Running Ball Book Classic Phone.,153.52
12,Wireless Book,Clothing,Tool Shoe Mystery Smart Ball Shirt Shoe Wireless Leather Shoe.,433.32
13,Leather Book,Home & Garden,Phone Phone Tool Mystery Tool Cotton Desk Soccer Jacket Soccer.,17.58
14,Desk Book,Sports,Shirt Shirt Lamp Running Jacket Mystery Classic Desk Cotton Ball.,287.69
15,Mystery Shoe,Sports,Smart Leather Shoe Book Desk Shirt Classic Wireless Lamp Running.,215.45
16,Cotton Jacket,Clothing,Lamp Leather Jacket Novel Device Shoe Device Novel Device Device.,499.59
17,Soccer Shoe,Electronics,Soccer Book Garden Device Device Shirt Phone Running Soccer Cotton.,248.76
18,Mystery Ball,Home & Garden,Mystery Phone Shirt Garden Shirt Jacket Desk Ball Lamp Tool.,405.77
19,Soccer Novel,Clothing,Jacket Leather Ball Classic Shoe Shoe Phone Device Leather Novel.,362.57
20,Leather Shirt,Clothing,Tool Desk Shirt Device Soccer Soccer Shirt Novel Wireless Device.,212.72
21,Soccer Phone,Electronics,Novel Shoe Jacket Classic Wireless Garden Shirt Running Device Running.,41.81
22,Desk Novel,Home & Garden,Running Classic Book Classic Running Jacket Classic Lamp Tool Tool.,232.21
23,Smart Shoe,Electronics,Shoe Phone Cotton Smart Desk Smart Leather Shoe Lamp Shirt.,476.95
24,Cotton Lamp,Books,Novel Book Device Soccer Soccer Garden Shoe Classic Lamp Device.,248.32
25,Desk Tool,Electronics,Shoe Tool Garden Desk Desk Soccer Novel Classic Lamp Classic.,395.1
26,Desk Tool,Home & Garden,Ball Ball Desk Wireless Leather Tool Jacket Mystery Classic Classic.,490.22
27,Leather Novel,Clothing,Book Smart Book Phone Mystery Jacket Running Phone Mystery Garden.,132.35
28,Running Tool,Electronics,Smart Wireless Leather Smart Phone Phone Tool Novel Smart Tool.,424.95
29,Soccer Book,Sports,Lamp Device Shirt Desk Smart Leather Wireless Garden Device Desk.,427.35
30,Running Book,Clothing,Soccer Leather Garden Smart Shoe Mystery Mystery Soccer Mystery Device.,58.48
31,Desk Phone,Electronics,Mystery Novel Wireless Cotton Running Smart Phone Leather Cotton Lamp.,45.68
32,Desk Device,Home & Garden,Novel Device Shirt Cotton Desk Wireless Phone Ball Tool Tool.,158.61
33,Mystery Shirt,Clothing,Tool Desk Lamp Shirt Cotton Desk Wireless Classic Running Book.,229.44
34,Cotton Tool,Sports,Soccer Novel Phone Soccer Wireless Cotton Smart Smart Jacket Wireless.,315.44
35,Wireless Jacket,Books,Classic Lamp Shirt Smart Cotton Classic Smart Tool Running Phone.,79.47
36,Cotton Phone,Books,Soccer Garden Ball Wireless Soccer Phone Smart Device Desk Jacket.,227.64
37,Running Device,Books,Classic Book Device Lamp Shoe Classic Wireless Shirt Garden Shirt.,74.27
38,Desk Ball,Sports,Shoe Smart Shoe Garden Soccer Novel Smart Desk Tool Running.,335.92
39,Leather Jacket,Books,Novel Novel Phone Wireless Garden Classic Smart Classic Smart Ball.,109.46
40,Desk Shirt,Clothing,Lamp Smart Jacket Running Novel Soccer Lamp Phone Shirt Lamp.,10.06
41,Smart Lamp,Sports,Classic Ball Mystery Novel Soccer Shirt Book Tool Tool Garden.,478.46
42,Classic Shirt,Clothing,Ball Book Lamp Tool Leather Leather Novel Shoe Cotton Book.,229.17
43,Leather Ball,Home & Garden,Smart Smart Running Tool Leather Jacket Book Leather Shoe Novel.,164.32
44,Wireless Tool,Clothing,Lamp Tool Novel Classic Device Cotton Ball Classic Ball Soccer.,419.65
45,Soccer Device,Books,Mystery Leather Jacket Jacket Book Shoe Cotton Device Tool Wireless.,292.17
46,Garden Lamp,Sports,Leather Book Novel Phone Tool Book Classic Smart Novel Cotton.,453.65
47,Leather Shoe,Books,Phone Lamp Book Ball Mystery Garden Leather Shoe Shoe Classic.,270.59
48,Wireless Phone,Clothing,Novel Leather Phone Cotton Garden Device Tool Cotton Leather Soccer.,447.15
49,Garden Book,Sports,Novel Classic Leather Phone Mystery Garden Tool Cotton Device Garden.,484.22
50,Classic Shirt,Clothing,Running Smart Cotton Desk Wireless Lamp Device Book Novel Smart.,29.58
51,Cotton Phone,Books,Wireless Jacket Running Tool Classic Jacket Cotton Desk Leather Book.,78.88
52,Soccer Tool,Home & Garden,Ball Classic Lamp Mystery Book Smart Phone Desk Soccer Lamp.,481.09
53,Desk Device,Home & Garden,Leather Shirt Mystery Lamp Smart Jacket Shoe Cotton Phone Tool.,476.5
54,Smart Tool,Books,Shirt Soccer Ball Lamp Shirt Running Classic Lamp Lamp Smart.,80.24
55,Mystery Shoe,Home & Garden,Phone Lamp Book Novel Mystery Device Wireless Book Garden Running.,341.33
56,Garden Tool,Sports,Garden Shoe Phone Classic Novel Device Mystery Desk Smart Cotton.,246.36
57,Desk Book,Books,Shoe Device Book Shoe Cotton Shoe Novel Running Garden Wireless.,321.88
58,Mystery Device,Sports,Lamp Jacket Desk Running Classic Wireless Phone Device Jacket Ball.,99.05
59,Running Novel,Sports,Leather Cotton Lamp Book Wireless Shoe Shoe Leather Shirt Leather.,288.34
60,Desk Book,Electronics,Book Cotton Shoe Garden Device Desk Leather Mystery Phone Mystery.,148.86
61,Mystery Device,Sports,Wireless Shoe Jacket Shoe Phone Smart Tool Shirt Classic Lamp.,24.13
62,Wireless Shirt,Home & Garden,Wireless Desk Ball Soccer Tool Device Lamp Ball Novel Running.,181.76
63,Smart Lamp,Electronics,Shoe Lamp Wireless Book Leather Jacket Novel Shoe Ball Wireless.,122.54
64,Cotton Lamp,Books,Phone Garden Novel Phone Garden Book Tool Phone Running Classic.,111.99
65,Classic Ball,Clothing,Book Mystery Novel Device Jacket Running Shoe Smart Smart Leather.,113.98
66,Garden Shoe,Electronics,Phone Cotton Tool Book Smart Soccer Novel Device Garden Desk.,265.13
67,Garden Phone,Home & Garden,Cotton Book Lamp Novel Wireless Soccer Phone Ball Cotton Cotton.,113.1
68,Soccer Novel,Home & Garden,Ball Shirt Shoe Garden Lamp Tool Shoe Ball Mystery Soccer.,291.55
69,Wireless Tool,Electronics,Book Running Wireless Ball Book Novel Novel Novel Lamp Ball.,446.3
70,Desk Tool,Sports,Lamp Device Leather Desk Wireless Mystery Ball Desk Phone Garden.,417.57
71,Running Tool,Clothing,Leather Lamp Lamp Mystery Shoe Phone Shoe Book Jacket Soccer.,186.77
72,Desk Novel,Clothing,Book Cotton Garden Smart Classic Garden Device Wireless Ball Device.,229.73
73,Soccer Ball,Home & Garden,Cotton Cotton Shoe Cotton Novel Desk Ball Garden Shoe Lamp.,299.58
74,Leather Tool,Sports,Classic Running Soccer Leather Phone Cotton Lamp Lamp Smart Tool.,414.72
75,Leather Phone,Clothing,Classic Lamp Novel Running Mystery Device Tool Lamp Soccer Soccer.,292.33
76,Garden Lamp,Sports,Book Classic Jacket Desk Novel Mystery Device Garden Smart Mystery.,34.94
77,Leather Lamp,Books,Jacket Garden Ball Cotton Leather Smart Phone Device Ball Soccer.,85.08
78,Cotton Device,Books,Cotton Desk Wireless Novel Soccer Book Leather Wireless Mystery Tool.,188.36
79,Wireless Tool,Sports,Cotton Jacket Device Shoe Classic Soccer Mystery Soccer Wireless Wireless.,316.93
80,Desk Phone,Clothing,Cotton Novel Cotton Desk Device Mystery Mystery Ball Novel Classic.,481.47
81,Soccer Tool,Electronics,Shoe Running Shoe Device Running Shirt Shirt Device Classic Leather.,309.64
82,Soccer Ball,Sports,Garden Desk Phone Novel Wireless Jacket Running Shoe Running Wireless.,59.96
83,Cotton Jacket,Books,Garden Shirt Shoe Desk Leather Soccer Soccer Garden Soccer Desk.,353.98
84,Mystery Phone,Books,Shoe Device Phone Garden Shirt Tool Book Soccer Shirt Classic.,387.6
85,Wireless Device,Clothing,Desk Soccer Desk Soccer Tool Leather Phone Shoe Shoe Garden.,470.87
86,Wireless Book,Electronics,Novel Garden Phone Ball Ball Desk Mystery Device Tool Running.,270.5
87,Cotton Phone,Books,Classic Ball Book Jacket Leather Jacket Desk Leather Device Shirt.,74.87
88,Cotton Ball,Sports,Shirt Leather Tool Garden Cotton Novel Leather Book Book Lamp.,279.61
89,Mystery Jacket,Sports,Jacket Ball Lamp Lamp Book Leather Mystery Ball Garden Cotton.,48.73
90,Garden Novel,Sports,Cotton Phone Shirt Shirt Mystery Jacket Soccer Device Shirt Lamp.,202.02
91,Cotton Shoe,Electronics,Novel Device Cotton Book Wireless Shoe Ball Garden Classic Device.,434.73
92,Garden Device,Books,Novel Jacket Mystery Tool Mystery Smart Classic Lamp Shirt Cotton.,171.12
93,Wireless Shoe,Sports,Desk Leather Smart Novel Garden Device Soccer Wireless Mystery Phone.,133.14
94,Leather Lamp,Sports,Classic Wireless Jacket Leather Soccer Book Lamp Wireless Classic Soccer.,97.06
95,Wireless Novel,Clothing,Novel Smart Tool Desk Mystery Desk Tool Desk Phone Garden.,194.55
96,Leather Lamp,Electronics,Shoe Cotton Classic Phone Wireless Garden Tool Shoe Classic Running.,249.21
97,Smart Ball,Home & Garden,Phone Lamp Soccer Garden Shirt Mystery Book Lamp Shoe Wireless.,30.38
98,Garden Device,Sports,Leather Jacket Device Shirt Running Smart Tool Device Lamp Cotton.,50.78
99,Wireless Jacket,Sports,Novel Wireless Smart Mystery Shoe Book Jacket Ball Book Mystery.,160.42
100,Classic Device,Sports,Smart Desk Lamp Novel Phone Wireless Phone Tool Garden Garden.,259.69
101,Soccer Phone,Books,Ball Phone Soccer Shoe Smart Shirt Novel Smart Device Shirt.,22.99
102,Garden Shirt,Books,Lamp Mystery Running Leather Classic Book Running Running Tool Novel.,119.69
103,Running Lamp,Clothing,Running Shoe Leather Soccer Lamp Shoe Device Phone Classic Soccer.,235.76
104,Desk Book,Books,Jacket Device Tool Phone Shoe Shoe Cotton Classic Ball Novel.,111.42
105,Smart Lamp,Books,Cotton Smart Device Shoe Mystery Tool Classic Novel Running Device.,47.72
106,Smart Shirt,Electronics,Lamp Tool Phone Ball Mystery Leather Book Book Leather Shirt.,175.55
107,Desk Novel,Electronics,Running Shirt Shoe Smart Desk Lamp Book Smart Soccer Book.,131.21
108,Running Novel,Books,Cotton Lamp Desk Shoe Lamp Book Mystery Shoe Lamp Tool.,488.01
109,Classic Lamp,Electronics,Ball Ball Novel Classic Garden Novel Book Leather Mystery Lamp.,147.21
110,Soccer Shirt,Home & Garden,Shirt Leather Shirt Desk Desk Mystery Smart Desk Desk Soccer.,50.04
111,Wireless Novel,Books,Phone Garden Leather Desk Tool Shoe Ball Leather Desk Cotton.,326.89
112,Running Tool,Home & Garden,Shoe Novel Cotton Shirt Book Novel Shirt Device Ball Mystery.,193.46
113,Cotton Jacket,Home & Garden,Mystery Shoe Classic Classic Running Device Lamp Phone Book Soccer.,480.31
114,Desk Device,Home & Garden,Shirt Garden Lamp Cotton Device Phone Desk Leather Phone Phone.,101.55
115,Soccer Novel,Clothing,Lamp Smart Soccer Book Soccer Shoe Novel Ball Smart Jacket.,90.24
116,Cotton Novel,Electronics,Jacket Lamp Leather Phone Soccer Shoe Garden Classic Desk Tool.,266.76
117,Soccer Shoe,Sports,Phone Desk Desk Mystery Ball Device Device Classic Shirt Desk.,98.87
118,Smart Jacket,Sports,Lamp Cotton Soccer Book Lamp Leather Shoe Cotton Ball Shoe.,443.96
119,Running Device,Clothing,Leather Book Soccer Soccer Shoe Classic Classic Device Running Shoe.,11.11
120,Classic Shoe,Clothing,Phone Lamp Cotton Smart Running Smart Jacket Smart Running Classic.,122.43
121,Cotton Shoe,Electronics,Wireless Mystery Phone Mystery Ball Book Phone Garden Shirt Lamp.,326.18
122,Garden Phone,Books,Soccer Mystery Ball Tool Garden Cotton Leather Phone Leather Book.,249.69
123,Classic Shirt,Home & Garden,Jacket Shoe Garden Ball Mystery Soccer Lamp Lamp Shirt Desk.,45.84
124,Garden Phone,Books,Phone Jacket Ball Tool Shoe Cotton Classic Jacket Novel Device.,32.51
125,Leather Device,Home & Garden,Ball Desk Jacket Leather Running Mystery Phone Phone Jacket Shirt.,351.48
126,Mystery Lamp,Clothing,Shoe Phone Garden Lamp Jacket Jacket Garden Running Wireless Ball.,275.01
127,Classic Jacket,Clothing,Cotton Wireless Desk Leather Smart Ball Mystery Lamp Shoe Device.,268.73
128,Leather Novel,Books,Smart Phone Ball Soccer Wireless Novel Soccer Classic Novel Ball.,107.13
129,Desk Book,Sports,Shoe Shirt Garden Garden Shoe Ball Ball Classic Smart Garden.,218.95
130,Soccer Shoe,Books,Classic Novel Wireless Ball Leather Running Classic Cotton Lamp Desk.,346.18
131,Desk Phone,Books,Smart Mystery Desk Novel Classic Mystery Smart Jacket Book Smart.,347.12
132,Soccer Tool,Clothing,Device Desk Running Mystery Novel Classic Smart Classic Running Cotton.,363.07
133,Desk Ball,Clothing,Shirt Running Mystery Mystery Soccer Tool Lamp Shirt Novel Cotton.,215.84
134,Mystery Shirt,Home & Garden,Classic Smart Novel Wireless Mystery Mystery Garden Phone Garden Wireless.,13.54
135,Desk Phone,Home & Garden,Classic Classic Novel Cotton Cotton Lamp Shoe Phone Cotton Lamp.,278.46
136,Mystery Shirt,Clothing,Desk Lamp Shirt Soccer Shirt Shoe Novel Device Shirt Classic.,31.03
137,Wireless Tool,Sports,Soccer Wireless Book Mystery Mystery Novel Leather Leather Cotton Desk.,246.98
138,Cotton Jacket,Sports,Shirt Running Ball Novel Tool Smart Soccer Shoe Classic Phone.,392.71
139,Soccer Device,Electronics,Mystery Lamp Desk Running Wireless Shirt Shoe Device Running Soccer.,462.59
140,Garden Novel,Books,Classic Mystery Running Novel Classic Lamp Tool Shirt Phone Novel.,72.29
141,Garden Shoe,Clothing,Tool Desk Wireless Device Soccer Jacket Soccer Garden Cotton Classic.,76.91
142,Desk Shirt,Home & Garden,Leather Shoe Shirt Classic Book Desk Jacket Phone Shoe Ball.,459.11
143,Soccer Device,Electronics,Mystery Shirt Soccer Jacket Smart Jacket Book Device Ball Device.,51.92
144,Cotton Device,Books,Smart Garden Desk Ball Desk Mystery Shirt Desk Soccer Phone.,75.43
145,Wireless Book,Books,Shirt Tool Device Book Mystery Running Ball Device Ball Smart.,410.22
146,Wireless Shirt,Clothing,Shoe Mystery Leather Shoe Device Jacket Device Soccer Jacket Novel.,403.48
147,Desk Phone,Home & Garden,Ball Mystery Soccer Wireless Leather Soccer Mystery Leather Soccer Desk.,233.26
148,Mystery Shoe,Sports,Cotton Desk Desk Desk Mystery Desk Garden Mystery Leather Ball.,238.23
149,Smart Lamp,Books,Tool Lamp Running Ball Novel Phone Soccer Leather Jacket Cotton.,65.25
150,Desk Tool,Sports,Classic Tool Smart Jacket Soccer Garden Leather Classic Novel Shoe.,74.08
151,Mystery Device,Home & Garden,Smart Wireless Desk Classic Shoe Phone Lamp Tool Device Novel.,252.46
152,Wireless Shirt,Home & Garden,Device Phone Leather Wireless Running Phone Classic Shirt Phone Lamp.,85.05
153,Cotton Tool,Electronics,Device Shirt Garden Book Desk Garden Shoe Desk Tool Running.,265.79
154,Wireless Lamp,Books,Smart Soccer Running Running Book Shoe Book Lamp Book Ball.,211.49
155,Leather Tool,Sports,Book Ball Phone Phone Garden Mystery Tool Wireless Shirt Device.,282.99
156,Mystery Novel,Home & Garden,Shoe Novel Mystery Cotton Running Leather Book Device Classic Garden.,30.35
157,Classic Phone,Sports,Device Jacket Desk Desk Novel Ball Desk Jacket Book Leather.,263.98
158,Wireless Shoe,Electronics,Wireless Ball Mystery Device Classic Cotton Mystery Book Phone Lamp.,394.2
159,Leather Ball,Clothing,Cotton Jacket Mystery Leather Mystery Shoe Running Shoe Novel Running.,136.94
160,Wireless Ball,Home & Garden,Garden Shoe Wireless Book Shirt Ball Soccer Wireless Wireless Jacket.,425.91
161,Classic Shirt,Sports,Classic Lamp Phone Garden Phone Cotton Tool Phone Device Phone.,335.81
162,Mystery Novel,Books,Shoe Jacket Soccer Book Running Soccer Leather Wireless Running Cotton.,207.8
163,Leather Lamp,Clothing,Jacket Shirt Tool Book Garden Classic Book Soccer Leather Book.,474.2
164,Classic Book,Books,Garden Leather Phone Ball Lamp Wireless Jacket Soccer Smart Book.,249.79
165,Classic Lamp,Clothing,Novel Cotton Tool Desk Tool Running Device Ball Novel Shirt.,131.51
166,Running Device,Electronics,Wireless Desk Phone Book Tool Running Shoe Smart Desk Shoe.,398.83
167,Classic Shirt,Sports,Smart Garden Soccer Cotton Jacket Desk Garden Ball Tool Device.,465.65
168,Classic Shirt,Clothing,Device Ball Shirt Mystery Ball Desk Smart Wireless Leather Wireless.,300.05
169,Mystery Tool,Home & Garden,Ball Shirt Cotton Wireless Lamp Classic Classic Lamp Ball Lamp.,457.4
170,Garden Device,Home & Garden,Phone Ball Smart Soccer Mystery Garden Leather Mystery Wireless Tool.,402.24
171,Wireless Shoe,Home & Garden,Desk Shirt Jacket Book Cotton Novel Novel Garden Classic Desk.,259.77
172,Desk Ball,Books,Garden Device Classic Shoe Desk Smart Ball Shirt Shoe Shirt.,336.3
173,Cotton Phone,Home & Garden,Jacket Wireless Device Soccer Wireless Tool Running Ball Shoe Shoe.,460.12
174,Garden Jacket,Electronics,Novel Running Lamp Wireless Jacket Soccer Novel Book Mystery Ball.,221.71
175,Running Shoe,Home & Garden,Device Ball Novel Cotton Classic Smart Device Device Tool Shoe.,316.62
176,Mystery Novel,Home & Garden,Desk Running Smart Phone Desk Running Mystery Mystery Ball Novel.,222.1
177,Desk Ball,Home & Garden,Lamp Leather Wireless Leather Book Device Device Device Lamp Lamp.,274.21
178,Cotton Ball,Sports,Jacket Novel Mystery Running Ball Wireless Shirt Running Running Soccer.,345.76
179,Classic Tool,Electronics,Cotton Jacket Running Lamp Garden Wireless Phone Wireless Phone Classic.,228.06
180,Wireless Device,Sports,Running Cotton Soccer Shoe Tool Garden Wireless Tool Ball Leather.,73.53
181,Mystery Device,Electronics,Shoe Shoe Running Classic Tool Device Ball Desk Shirt Book.,190.52
182,Cotton Book,Books,Desk Soccer Jacket Novel Novel Garden Cotton Tool Desk Jacket.,153.75
183,Classic Device,Books,Leather Device Shoe Book Desk Desk Lamp Classic Wireless Garden.,405.74
184,Wireless Shirt,Sports,Desk Classic Novel Smart Book Ball Book Novel Shoe Leather.,117.73
185,Smart Ball,Sports,Shirt Leather Book Garden Jacket Wireless Desk Tool Shirt Soccer.,494.26
186,Leather Device,Sports,Tool Classic Shoe Ball Running Shoe Novel Cotton Leather Cotton.,378.7
187,Classic Phone,Sports,Phone Wireless Mystery Device Shirt Desk Running Book Jacket Novel.,406.0
188,Classic Shirt,Home & Garden,Soccer Wireless Mystery Device Classic Wireless Mystery Desk Leather Garden.,101.77
189,Wireless Device,Books,Shoe Smart Smart Running Soccer Jacket Device Classic Desk Leather.,27.19
190,Desk Shirt,Clothing,Device Wireless Shirt Desk Desk Shirt Leather Desk Jacket Ball.,467.49
191,Soccer Ball,Electronics,Shirt Classic Wireless Lamp Soccer Wireless Cotton Ball Soccer Phone.,321.76
192,Mystery Shirt,Clothing,Novel Lamp Leather Garden Smart Shoe Classic Tool Ball Shoe.,258.51
193,Wireless Device,Clothing,Cotton Jacket Jacket Cotton Smart Classic Soccer Shirt Classic Smart.,300.72
194,Desk Ball,Electronics,Phone Leather Lamp Garden Garden Mystery Wireless Phone Leather Lamp.,475.49
195,Soccer Ball,Electronics,Cotton Phone Wireless Tool Phone Classic Wireless Desk Ball Leather.,16.63
196,Smart Ball,Sports,Lamp Cotton Shoe Book Phone Tool Cotton Jacket Smart Shoe.,442.13
197,Desk Shirt,Clothing,Wireless Mystery Book Novel Soccer Garden Wireless Leather Tool Classic.,311.02
198,Smart Tool,Home & Garden,Device Cotton Novel Tool Ball Smart Classic Book Jacket Leather.,254.69
199,Desk Ball,Sports,Cotton Novel Desk Ball Ball Smart Book Shirt Classic Leather.,353.38
200,Soccer Tool,Electronics,Cotton Shirt Shoe Lamp Shirt Novel Cotton Ball Soccer Device.,32.63
201,Leather Book,Clothing,Garden Mystery Soccer Wireless Book Shirt Running Shoe Ball Phone.,159.5
202,Classic Tool,Sports,Mystery Device Device Mystery Jacket Wireless Shoe Shirt Running Shoe.,463.52
203,Running Novel,Sports,Mystery Shoe Shoe Classic Desk Tool Device Novel Desk Classic.,478.42
204,Cotton Tool,Home & Garden,Smart Garden Mystery Garden Desk Ball Shoe Phone Device Shirt.,51.64
205,Mystery Ball,Books,Shoe Shoe Device Desk Leather Ball Jacket Ball Shoe Cotton.,442.96
206,Wireless Tool,Electronics,Wireless Desk Garden Phone Leather Cotton Cotton Wireless Classic Novel.,235.84
207,Cotton Device,Electronics,Garden Ball Desk Device Wireless Book Leather Jacket Lamp Jacket.,187.49
208,Soccer Device,Clothing,Book Mystery Device Leather Leather Leather Phone Soccer Wireless Soccer.,321.48
209,Wireless Tool,Sports,Lamp Desk Garden Leather Wireless Tool Tool Leather Cotton Ball.,190.38
210,Running Shirt,Sports,Shirt Jacket Soccer Classic Ball Wireless Cotton Mystery Garden Wireless.,294.61
211,Mystery Jacket,Home & Garden,Shoe Desk Wireless Shoe Desk Garden Ball Garden Cotton Garden.,319.99
212,Leather Novel,Sports,Desk Phone Leather Mystery Novel Shirt Wireless Cotton Wireless Desk.,138.25
213,Mystery Ball,Books,Shoe Soccer Mystery Smart Running Leather Phone Device Smart Mystery.,346.82
214,Soccer Lamp,Home & Garden,Phone Garden Running Desk Shirt Mystery Shoe Jacket Novel Tool.,232.75
215,Leather Ball,Sports,Tool Desk Garden Tool Leather Leather Leather Shirt Desk Classic.,466.25
216,Leather Shoe,Electronics,Phone Phone Leather Desk Leather Classic Soccer Jacket Classic Jacket.,485.27
217,Desk Device,Electronics,Shirt Lamp Shirt Book Classic Desk Ball Shoe Shoe Garden.,107.4
218,Mystery Shirt,Books,Running Leather Smart Jacket Shirt Running Running Shirt Device Smart.,282.05
219,Running Lamp,Electronics,Novel Mystery Novel Tool Device Running Device Running Wireless Mystery.,286.16
220,Wireless Jacket,Electronics,Leather Phone Novel Tool Smart Book Running Garden Phone Garden.,66.04
221,Classic Shirt,Sports,Novel Cotton Wireless Cotton Jacket Book Mystery Wireless Jacket Smart.,100.43
222,Soccer Phone,Electronics,Cotton Device Smart Shirt Smart Tool Novel Shirt Smart Phone.,112.36
223,Cotton Shirt,Sports,Ball Classic Cotton Ball Classic Classic Lamp Mystery Lamp Novel.,308.92
224,Classic Shoe,Electronics,Garden Novel Phone Cotton Device Ball Wireless Desk Lamp Shirt.,38.5
225,Mystery Shoe,Sports,Garden Lamp Shirt Device Jacket Shirt Garden Cotton Phone Wireless.,179.46
226,Running Shirt,Clothing,Desk Garden Tool Classic Leather Ball Phone Leather Soccer Ball.,481.43
227,Garden Jacket,Sports,Mystery Lamp Shirt Classic Running Wireless Wireless Smart Mystery Leather.,230.31
228,Running Shirt,Electronics,Running Jacket Jacket Ball Shoe Classic Cotton Classic Leather Garden.,485.28
229,Leather Jacket,Books,Smart Ball Jacket Novel Classic Cotton Device Wireless Smart Smart.,194.84
230,Soccer Tool,Electronics,Book Ball Tool Book Running Novel Book Novel Smart Garden.,253.38
231,Smart Ball,Clothing,Phone Running Mystery Phone Classic Book Smart Cotton Tool Shoe.,103.93
232,Garden Device,Clothing,Running Running Leather Jacket Soccer Novel Shirt Novel Book Cotton.,303.45
233,Wireless Novel,Home & Garden,Wireless Shirt Lamp Desk Tool Jacket Jacket Desk Book Shirt.,201.66
234,Classic Lamp,Clothing,Classic Shoe Shoe Lamp Book Shoe Leather Jacket Lamp Smart.,319.26
235,Classic Device,Electronics,Leather Shirt Wireless Cotton Wireless Leather Phone Tool Novel Device.,51.16
236,Smart Lamp,Clothing,Lamp Shirt Novel Leather Mystery Shirt Cotton Soccer Desk Device.,489.28
237,Cotton Novel,Sports,Tool Shoe Device Novel Wireless Smart Leather Ball Shirt Cotton.,435.6
238,Soccer Ball,Books,Desk Cotton Cotton Jacket Classic Classic Book Desk Mystery Novel.,293.94
239,Cotton Jacket,Books,Phone Classic Ball Mystery Book Shoe Leather Wireless Running Desk.,410.41
240,Running Phone,Electronics,Shoe Device Classic Ball Shoe Classic Shirt Desk Shoe Novel.,171.7
241,Garden Tool,Books,Lamp Running Lamp Smart Classic Shoe Mystery Smart Lamp Ball.,99.84
242,Garden Lamp,Electronics,Cotton Phone Soccer Book Shoe Leather Smart Smart Wireless Novel.,319.29
243,Smart Jacket,Sports,Jacket Shoe Phone Device Shoe Smart Garden Ball Garden Book.,138.26
244,Soccer Device,Clothing,Running Classic Running Novel Tool Novel Wireless Classic Phone Garden.,191.65
245,Cotton Novel,Sports,Shoe Classic Phone Leather Mystery Leather Shoe Shoe Cotton Wireless.,416.94
246,Garden Novel,Electronics,Shoe Soccer Mystery Jacket Garden Novel Novel Wireless Shirt Tool.,109.84
247,Classic Novel,Home & Garden,Book Device Desk Device Ball Soccer Jacket Lamp Mystery Lamp.,425.84
248,Running Book,Electronics,Lamp Running Shoe Mystery Garden Tool Leather Device Device Leather.,365.98
249,Cotton Shirt,Home & Garden,Jacket Smart Running Smart Tool Classic Tool Ball Soccer Desk.,20.98
250,Cotton Phone,Clothing,Jacket Ball Ball Soccer Shoe Desk Wireless Mystery Leather Desk.,244.17
251,Running Phone,Home & Garden,Book Classic Smart Desk Soccer Soccer Cotton Desk Shirt Cotton.,83.75
252,Cotton Tool,Electronics,Tool Mystery Desk Cotton Shoe Jacket Novel Smart Running Shirt.,415.89
253,Soccer Book,Sports,Wireless Tool Desk Cotton Shirt Shoe Ball Cotton Jacket Smart.,89.93
254,Mystery Book,Electronics,Garden Classic Wireless Garden Ball Running Running Wireless Smart Cotton.,268.28
255,Wireless Device,Electronics,Smart Leather Lamp Classic Ball Cotton Ball Mystery Wireless Tool.,113.71
256,Desk Tool,Home & Garden,Device Ball Garden Smart Lamp Ball Cotton Ball Phone Cotton.,213.65
257,Cotton Shirt,Clothing,Lamp Shoe Device Lamp Classic Wireless Device Novel Book Garden.,399.22
258,Soccer Shoe,Sports,Lamp Shirt Garden Classic Ball Leather Soccer Running Smart Shirt.,400.92
259,Smart Jacket,Home & Garden,Running Wireless Lamp Shoe Shoe Running Shirt Device Soccer Device.,93.32
260,Leather Lamp,Home & Garden,Jacket Desk Shirt Soccer Wireless Wireless Ball Book Phone Cotton.,130.19
261,Classic Phone,Books,Garden Classic Garden Ball Mystery Classic Smart Shirt Novel Soccer.,37.84
262,Garden Shirt,Clothing,Leather Shirt Shoe Running Garden Running Jacket Jacket Soccer Leather.,367.27
263,Running Phone,Books,Leather Ball Device Book Jacket Mystery Classic Leather Tool Lamp.,128.11
264,Mystery Lamp,Home & Garden,Novel Garden Shoe Smart Book Lamp Book Novel Device Cotton.,61.39
265,Running Book,Electronics,Lamp Shirt Running Shirt Mystery Smart Device Jacket Lamp Cotton.,306.81
266,Classic Lamp,Home & Garden,Lamp Wireless Smart Shirt Lamp Device Running Classic Classic Book.,106.54
267,Garden Device,Clothing,Mystery Ball Novel Mystery Desk Desk Smart Leather Garden Shirt.,431.16
268,Smart Lamp,Clothing,Shoe Tool Wireless Desk Ball Novel Wireless Phone Book Soccer.,76.19
269,Desk Book,Books,Garden Leather Desk Cotton Soccer Soccer Mystery Smart Leather Novel.,145.53
270,Wireless Device,Home & Garden,Running Smart Mystery Jacket Ball Tool Device Device Running Lamp.,418.43
271,Cotton Ball,Sports,Soccer Desk Cotton Book Garden Lamp Leather Shoe Lamp Novel.,488.62
272,Desk Ball,Clothing,Lamp Cotton Classic Running Device Classic Leather Mystery Wireless Ball.,353.89
273,Garden Shirt,Electronics,Mystery Device Garden Lamp Shoe Shirt Garden Novel Cotton Book.,292.58
274,Desk Ball,Clothing,Shoe Jacket Jacket Phone Smart Ball Shirt Classic Leather Desk.,276.37
275,Desk Book,Electronics,Book Wireless Phone Shoe Wireless Novel Tool Shirt Shirt Garden.,424.09
276,Running Ball,Sports,Lamp Jacket Device Shirt Classic Device Phone Wireless Phone Device.,156.98
277,Cotton Tool,Clothing,Lamp Smart Book Smart Cotton Cotton Lamp Shoe Running Smart.,272.43
278,Garden Phone,Clothing,Book Book Lamp Cotton Classic Desk Device Leather Classic Mystery.,188.41
279,Desk Tool,Home & Garden,Device Book Shoe Lamp Shirt Running Device Tool Wireless Mystery.,17.29
280,Classic Shoe,Sports,Smart Wireless Phone Ball Running Cotton Shirt Lamp Leather Classic.,382.11
281,Running Novel,Books,Device Cotton Mystery Device Novel Running Soccer Desk Lamp Classic.,182.76
282,Desk Tool,Home & Garden,Shoe Shirt Mystery Ball Novel Book Phone Cotton Phone Shoe.,384.71
283,Garden Phone,Home & Garden,Smart Cotton Mystery Phone Lamp Phone Book Shoe Garden Device.,423.8
284,Mystery Shoe,Home & Garden,Book Shoe Leather Mystery Tool Wireless Jacket Jacket Classic Shoe.,341.57
285,Running Device,Electronics,Garden Soccer Lamp Cotton Desk Mystery Soccer Desk Tool Ball.,221.32
286,Classic Lamp,Electronics,Novel Running Tool Shirt Mystery Leather Wireless Wireless Mystery Tool.,391.85
287,Desk Book,Home & Garden,Soccer Cotton Running Lamp Shirt Mystery Device Cotton Running Garden.,205.3
288,Running Book,Clothing,Phone Mystery Lamp Running Soccer Smart Leather Lamp Novel Smart.,56.62
289,Soccer Shoe,Sports,Cotton Wireless Garden Mystery Desk Running Wireless Running Desk Cotton.,346.19
290,Running Lamp,Home & Garden,Soccer Shirt Desk Classic Shirt Wireless Wireless Wireless Desk Lamp.,272.57
291,Leather Shirt,Sports,Device Jacket Ball Garden Novel Jacket Shirt Tool Smart Running.,325.23
292,Classic Lamp,Books,Tool Tool Shirt Ball Wireless Book Desk Tool Cotton Cotton.,214.73
293,Desk Ball,Electronics,Smart Tool Classic Shirt Ball Desk Soccer Tool Cotton Wireless.,276.59
294,Leather Shoe,Electronics,Lamp Soccer Soccer Desk Book Cotton Running Smart Classic Classic.,326.89
295,Classic Ball,Sports,Smart Jacket Cotton Soccer Lamp Shoe Classic Shirt Wireless Book.,269.54
296,Leather Shoe,Electronics,Classic Cotton Novel Phone Book Book Phone Lamp Leather Leather.,62.48
297,Wireless Shoe,Clothing,Smart Novel Soccer Cotton Jacket Classic Classic Device Ball Shirt.,411.11
298,Leather Shirt,Sports,Leather Jacket Novel Running Novel Lamp Jacket Running Classic Jacket.,456.77
299,Smart Book,Books,Jacket Desk Device Jacket Tool Tool Shoe Jacket Device Garden.,269.61
300,Desk Book,Books,Desk Desk Ball Lamp Ball Phone Lamp Wireless Mystery Running.,450.46
301,Garden Shirt,Clothing,Desk Running Running Classic Wireless Desk Shirt Leather Wireless Shoe.,187.31
302,Wireless Ball,Clothing,Device Shoe Cotton Leather Jacket Soccer Tool Ball Wireless Garden.,271.2
303,Garden Phone,Books,Jacket Shoe Book Leather Lamp Soccer Tool Mystery Shirt Soccer.,124.14
304,Leather Device,Electronics,Leather Ball Mystery Wireless Desk Lamp Phone Ball Smart Ball.,240.43
305,Desk Phone,Home & Garden,Smart Mystery Classic Shirt Shirt Lamp Lamp Novel Novel Desk.,296.88
306,Desk Book,Clothing,Shirt Cotton Leather Mystery Device Jacket Soccer Book Garden Garden.,155.86
307,Cotton Phone,Electronics,Shirt Tool Classic Cotton Desk Novel Lamp Device Leather Ball.,269.71
308,Garden Novel,Electronics,Tool Mystery Shoe Shoe Phone Device Wireless Jacket Tool Book.,338.08
309,Garden Shirt,Sports,Novel Novel Smart Device Book Soccer Mystery Smart Desk Garden.,248.28
310,Garden Lamp,Home & Garden,Soccer Lamp Book Shirt Lamp Novel Wireless Shoe Lamp Soccer.,18.0
311,Soccer Novel,Clothing,Leather Wireless Shirt Tool Phone Phone Book Cotton Running Shirt.,53.94
312,Desk Phone,Sports,Shirt Wireless Cotton Lamp Ball Ball Novel Garden Jacket Garden.,288.86
313,Cotton Lamp,Books,Cotton Shirt Desk Classic Novel Lamp Shirt Tool Shirt Phone.,155.57
314,Cotton Phone,Clothing,Jacket Soccer Novel Lamp Shoe Wireless Jacket Ball Garden Jacket.,471.51
315,Desk Ball,Home & Garden,Classic Mystery Wireless Tool Classic Device Cotton Shirt Tool Garden.,391.19
316,Garden Device,Electronics,Shirt Soccer Wireless Soccer Shirt Classic Ball Leather Lamp Cotton.,207.5
317,Garden Device,Books,Smart Shoe Running Ball Running Device Ball Shoe Ball Mystery.,266.63
318,Classic Lamp,Sports,Phone Ball Shirt Shirt Book Leather Wireless Device Shoe Device.,418.93
319,Wireless Ball,Clothing,Shirt Device Ball Soccer Novel Running Book Device Running Desk.,87.72
320,Classic Device,Sports,Novel Lamp Cotton Running Shirt Book Lamp Classic Lamp Smart.,260.32
321,Classic Device,Sports,Book Wireless Wireless Novel Shoe Shirt Leather Soccer Garden Mystery.,275.07
322,Leather Shoe,Electronics,Mystery Garden Mystery Device Jacket Phone Lamp Lamp Running Running.,418.91
323,Running Tool,Books,Shirt Shirt Cotton Cotton Leather Wireless Jacket Shoe Garden Novel.,246.75
324,Wireless Tool,Home & Garden,Jacket Running Book Cotton Tool Leather Device Phone Running Novel.,347.17
325,Leather Jacket,Electronics,Leather Lamp Wireless Leather Book Jacket Wireless Book Wireless Garden.,411.85
326,Smart Book,Electronics,Jacket Mystery Ball Ball Soccer Wireless Shoe Cotton Ball Soccer.,430.42
327,Classic Lamp,Clothing,Device Desk Phone Novel Book Book Novel Garden Desk Mystery.,375.89
328,Smart Novel,Sports,Lamp Mystery Lamp Jacket Desk Wireless Book Garden Soccer Desk.,134.19
329,Soccer Device,Clothing,Wireless Garden Lamp Leather Leather Novel Lamp Smart Phone Shirt.,11.49
330,Classic Phone,Clothing,Mystery Soccer Shirt Garden Shirt Garden Cotton Novel Ball Phone.,496.14
331,Garden Lamp,Sports,Tool Tool Mystery Shoe Phone Phone Novel Book Ball Phone.,421.06
332,Desk Ball,Clothing,Shoe Shoe Smart Desk Desk Device Soccer Book Wireless Shoe.,248.93
333,Leather Book,Home & Garden,Wireless Tool Lamp Novel Device Running Book Tool Book Smart.,315.51
334,Desk Shoe,Clothing,Ball Classic Cotton Soccer Smart Cotton Wireless Jacket Ball Shoe.,30.94
335,Wireless Book,Sports,Leather Tool Classic Leather Ball Book Wireless Wireless Device Desk.,480.86
336,Desk Book,Home & Garden,Lamp Smart Leather Wireless Book Cotton Desk Book Classic Wireless.,94.59
337,Cotton Shoe,Clothing,Desk Ball Classic Mystery Jacket Soccer Mystery Lamp Smart Running.,437.69
338,Mystery Book,Electronics,Classic Running Tool Book Phone Leather Classic Ball Running Book.,343.17
339,Classic Phone,Sports,Book Jacket Soccer Wireless Classic Garden Cotton Book Soccer Shoe.,488.61
340,Smart Jacket,Sports,Wireless Jacket Running Tool Ball Lamp Shoe Smart Soccer Classic.,198.28
341,Classic Jacket,Books,Shoe Desk Shirt Smart Book Shoe Book Tool Mystery Mystery.,150.19
342,Soccer Device,Sports,Ball Desk Device Tool Device Shirt Cotton Shoe Mystery Garden.,84.49
343,Garden Ball,Electronics,Phone Jacket Jacket Desk Garden Phone Cotton Jacket Ball Soccer.,260.24
344,Classic Ball,Home & Garden,Device Garden Soccer Tool Cotton Smart Device Lamp Phone Shoe.,55.36
345,Leather Device,Sports,Tool Garden Ball Garden Phone Book Shirt Phone Tool Wireless.,198.63
346,Classic Book,Clothing,Classic Soccer Wireless Shirt Soccer Lamp Leather Smart Soccer Shoe.,230.9
347,Soccer Lamp,Books,Soccer Cotton Running Shoe Leather Tool Soccer Soccer Phone Ball.,192.95
348,Garden Shoe,Electronics,Ball Desk Garden Novel Garden Shoe Jacket Novel Garden Mystery.,474.83
349,Mystery Novel,Books,Desk Ball Book Mystery Novel Soccer Jacket Garden Wireless Mystery.,323.98
350,Mystery Shirt,Home & Garden,Shirt Book Book Novel Wireless Jacket Smart Shoe Cotton Jacket.,11.67
351,Mystery Shirt,Home & Garden,Ball Desk Mystery Soccer Book Shoe Running Phone Cotton Cotton.,183.85
352,Cotton Lamp,Home & Garden,Novel Desk Garden Garden Smart Soccer Shirt Wireless Smart Mystery.,166.73
353,Desk Shirt,Sports,Classic Classic Soccer Shirt Desk Desk Book Smart Device Desk.,398.7
354,Soccer Shirt,Sports,Shirt Phone Phone Book Classic Garden Device Shirt Lamp Novel.,99.03
355,Running Shoe,Clothing,Device Running Smart Leather Jacket Shirt Soccer Tool Smart Novel.,262.06
356,Garden Lamp,Sports,Jacket Classic Running Running Novel Jacket Jacket Ball Garden Wireless.,475.55
357,Desk Novel,Sports,Book Smart Smart Garden Lamp Wireless Tool Mystery Ball Lamp.,396.02
358,Desk Ball,Electronics,Book Ball Book Desk Shoe Novel Novel Shirt Desk Soccer.,20.82
359,Classic Tool,Electronics,Shirt Soccer Running Classic Shirt Jacket Tool Desk Ball Running.,479.51
360,Classic Lamp,Electronics,Running Jacket Classic Running Book Running Leather Mystery Book Book.,142.82
361,Cotton Device,Clothing,Desk Shoe Novel Novel Garden Novel Desk Mystery Book Lamp.,345.64
362,Mystery Shoe,Sports,Cotton Leather Phone Leather Novel Desk Desk Desk Garden Tool.,465.7
363,Soccer Shirt,Sports,Leather Cotton Leather Ball Desk Wireless Running Device Classic Soccer.,372.91
364,Desk Shoe,Clothing,Lamp Smart Jacket Shirt Novel Garden Mystery Shoe Lamp Ball.,362.36
365,Cotton Jacket,Home & Garden,Tool Ball Classic Wireless Mystery Wireless Classic Classic Device Classic.,75.49
366,Soccer Shirt,Clothing,Novel Lamp Soccer Cotton Smart Shoe Phone Desk Cotton Phone.,70.48
367,Leather Device,Books,Lamp Phone Shirt Desk Cotton Ball Device Jacket Phone Desk.,268.74
368,Mystery Lamp,Home & Garden,Cotton Classic Jacket Ball Classic Cotton Ball Mystery Smart Wireless.,72.77
369,Cotton Lamp,Books,Tool Wireless Desk Device Ball Device Classic Mystery Tool Novel.,101.45
370,Smart Jacket,Books,Running Classic Ball Ball Jacket Device Phone Book Smart Shoe.,496.84
371,Cotton Lamp,Electronics,Shirt Smart Desk Tool Book Tool Shoe Jacket Phone Lamp.,371.77
372,Wireless Book,Clothing,Jacket Desk Soccer Cotton Cotton Garden Ball Soccer Desk Phone.,91.43
373,Smart Shoe,Clothing,Book Book Running Mystery Jacket Cotton Desk Jacket Wireless Shoe.,52.34
374,Smart Jacket,Electronics,Novel Wireless Tool Soccer Leather Cotton Desk Shoe Tool Classic.,240.74
375,Garden Novel,Sports,Smart Smart Tool Soccer Shirt Novel Shirt Cotton Novel Book.,444.52
376,Smart Ball,Sports,Device Cotton Novel Smart Desk Smart Soccer Soccer Device Lamp.,300.02
377,Mystery Lamp,Sports,Jacket Garden Lamp Desk Mystery Lamp Soccer Device Novel Desk.,217.82
378,Soccer Novel,Home & Garden,Tool Garden Phone Cotton Shirt Smart Tool Shoe Leather Tool.,109.71
379,Cotton Lamp,Sports,Device Phone Smart Garden Smart Wireless Wireless Soccer Smart Classic.,216.95
380,Mystery Tool,Clothing,Novel Jacket Classic Classic Cotton Lamp Mystery Running Cotton Cotton.,430.97
381,Desk Jacket,Sports,Shoe Device Shirt Classic Garden Phone Mystery Desk Ball Tool.,38.99
382,Smart Novel,Home & Garden,Jacket Classic Shoe Garden Jacket Lamp Desk Garden Wireless Desk.,191.04
383,Desk Device,Clothing,Classic Jacket Jacket Device Cotton Classic Lamp Wireless Smart Jacket.,239.84
384,Classic Jacket,Home & Garden,Device Book Smart Book Garden Ball Leather Lamp Leather Jacket.,418.16
385,Classic Device,Home & Garden,Novel Running Shirt Jacket Leather Shirt Jacket Garden Wireless Soccer.,78.73
386,Soccer Tool,Electronics,Running Jacket Phone Cotton Book Leather Jacket Classic Classic Smart.,393.95
387,Cotton Shirt,Clothing,Shoe Wireless Garden Classic Lamp Phone Cotton Phone Lamp Cotton.,281.87
388,Desk Lamp,Sports,Book Shirt Wireless Smart Mystery Soccer Running Wireless Book Phone.,386.42
389,Soccer Book,Electronics,Cotton Shirt Shoe Phone Desk Device Mystery Shirt Garden Novel.,331.96
390,Garden Device,Electronics,Smart Novel Device Mystery Device Smart Smart Jacket Ball Book.,339.42
391,Desk Device,Sports,Soccer Desk Wireless Novel Mystery Device Jacket Jacket Running Cotton.,287.02
392,Desk Ball,Books,Wireless Novel Jacket Cotton Jacket Book Novel Mystery Garden Novel.,227.13
393,Smart Shirt,Clothing,Cotton Lamp Jacket Tool Shirt Shirt Garden Device Device Jacket.,372.61
394,Wireless Ball,Home & Garden,Desk Book Smart Novel Tool Shirt Mystery Mystery Ball Novel.,128.74
395,Cotton Shoe,Home & Garden,Garden Cotton Classic Soccer Desk Desk Smart Lamp Garden Tool.,352.36
396,Smart Lamp,Electronics,Wireless Mystery Mystery Classic Cotton Book Classic Mystery Phone Tool.,188.4
397,Classic Jacket,Books,Ball Leather Ball Tool Phone Phone Desk Device Ball Desk.,213.82
398,Desk Ball,Clothing,Leather Book Tool Phone Mystery Classic Cotton Shirt Cotton Wireless.,328.25
399,Mystery Ball,Electronics,Tool Running Mystery Device Novel Mystery Jacket Lamp Lamp Wireless.,223.52
400,Cotton Novel,Sports,Jacket Soccer Ball Garden Jacket Running Lamp Phone Lamp Soccer.,317.31
401,Classic Tool,Sports,Shirt Smart Device Book Shoe Cotton Shirt Novel Ball Lamp.,241.54
402,Cotton Ball,Sports,Phone Leather Device Desk Shirt Running Lamp Leather Leather Cotton.,336.88
403,Running Jacket,Clothing,Device Running Running Desk Shirt Smart Classic Lamp Jacket Shoe.,296.5
404,Running Tool,Electronics,Desk Soccer Tool Smart Running Ball Soccer Running Wireless Classic.,240.29
405,Cotton Device,Sports,Leather Smart Ball Device Shirt Classic Shoe Desk Wireless Desk.,424.04
406,Running Book,Books,Jacket Book Mystery Garden Tool Classic Tool Book Ball Jacket.,40.13
407,Desk Shirt,Home & Garden,Jacket Novel Lamp Novel Soccer Jacket Wireless Shoe Desk Garden.,168.88
408,Desk Lamp,Home & Garden,Running Classic Leather Wireless Garden Classic Jacket Book Ball Soccer.,52.19
409,Leather Shirt,Clothing,Soccer Desk Soccer Running Device Tool Classic Book Soccer Classic.,444.07
410,Classic Novel,Books,Mystery Shoe Shirt Soccer Cotton Soccer Smart Tool Running Mystery.,170.4
411,Mystery Shoe,Clothing,Classic Soccer Device Device Desk Wireless Lamp Cotton Device Book.,278.43
412,Garden Book,Home & Garden,Garden Book Book Lamp Cotton Shirt Smart Garden Desk Device.,381.85
413,Cotton Ball,Sports,Desk Book Wireless Novel Shoe Device Cotton Novel Leather Garden.,79.66
414,Wireless Device,Sports,Cotton Jacket Lamp Shirt Jacket Phone Classic Cotton Shoe Shirt.,329.86
415,Desk Lamp,Sports,Novel Wireless Jacket Mystery Shoe Cotton Book Leather Phone Leather.,111.8
416,Garden Device,Electronics,Lamp Book Running Classic Cotton Garden Leather Classic Tool Device.,378.21
417,Leather Jacket,Clothing,Tool Running Shirt Novel Phone Smart Mystery Tool Book Phone.,217.13
418,Smart Book,Sports,Lamp Smart Running Leather Book Tool Ball Book Soccer Novel.,323.11
419,Cotton Shirt,Books,Shirt Leather Leather Running Garden Cotton Ball Cotton Classic Cotton.,358.7
420,Cotton Shoe,Books,Wireless Lamp Tool Mystery Mystery Garden Classic Mystery Running Lamp.,242.92
421,Soccer Novel,Electronics,Lamp Ball Lamp Novel Mystery Phone Lamp Classic Wireless Garden.,338.84
422,Cotton Book,Clothing,Smart Wireless Shirt Shirt Classic Device Garden Desk Wireless Ball.,326.29
423,Desk Jacket,Clothing,Jacket Device Phone Smart Novel Novel Running Book Smart Cotton.,96.25
424,Garden Device,Sports,Novel Smart Shirt Mystery Soccer Mystery Running Shoe Running Leather.,385.83
425,Cotton Ball,Clothing,Leather Wireless Phone Cotton Ball Cotton Running Phone Novel Garden.,342.74
426,Desk Lamp,Books,Shoe Device Garden Shoe Classic Desk Garden Book Running Desk.,276.96
427,Wireless Jacket,Home & Garden,Device Garden Shoe Lamp Novel Jacket Book Desk Device Lamp.,191.63
428,Garden Lamp,Electronics,Lamp Book Ball Novel Shirt Garden Tool Desk Desk Leather.,12.48
429,Wireless Shirt,Books,Wireless Classic Shoe Desk Soccer Shirt Running Shirt Novel Book.,373.18
430,Classic Shirt,Electronics,Phone Garden Shirt Ball Jacket Jacket Cotton Shirt Device Shirt.,221.02
431,Soccer Book,Clothing,Mystery Mystery Mystery Cotton Soccer Novel Desk Ball Desk Desk.,440.71
432,Desk Book,Home & Garden,Wireless Shoe Cotton Smart Wireless Smart Desk Smart Shirt Garden.,426.14
433,Desk Jacket,Electronics,Garden Desk Book Running Classic Classic Smart Device Garden Classic.,390.76
434,Classic Ball,Electronics,Mystery Ball Classic Shoe Phone Jacket Book Soccer Tool Classic.,119.52
435,Soccer Shirt,Sports,Mystery Ball Tool Garden Garden Tool Book Soccer Device Wireless.,120.88
436,Classic Jacket,Sports,Device Device Phone Leather Garden Phone Lamp Soccer Running Phone.,33.93
437,Running Shirt,Sports,Garden Phone Shoe Garden Soccer Phone Smart Jacket Phone Classic.,42.26
438,Leather Jacket,Electronics,Garden Classic Smart Novel Book Leather Phone Running Leather Device.,216.71
439,Soccer Tool,Sports,Ball Lamp Jacket Device Cotton Garden Mystery Ball Running Smart.,97.05
440,Mystery Novel,Sports,Classic Running Lamp Jacket Novel Tool Smart Wireless Shoe Desk.,53.28
441,Smart Lamp,Electronics,Novel Lamp Classic Phone Lamp Soccer Shirt Phone Smart Leather.,206.65
442,Soccer Shirt,Sports,Leather Novel Lamp Lamp Classic Tool Device Ball Cotton Running.,261.99
443,Wireless Jacket,Electronics,Cotton Ball Classic Jacket Lamp Device Shoe Running Shirt Book.,72.08
444,Classic Novel,Clothing,Garden Lamp Book Classic Garden Book Smart Mystery Shoe Desk.,306.04
445,Smart Shirt,Home & Garden,Cotton Ball Phone Desk Novel Lamp Wireless Classic Cotton Leather.,455.62
446,Classic Device,Electronics,Tool Wireless Classic Smart Ball Tool Smart Lamp Device Device.,116.3
447,Soccer Lamp,Clothing,Mystery Tool Garden Shoe Ball Leather Smart Phone Book Smart.,194.55
448,Cotton Jacket,Home & Garden,Shoe Book Lamp Classic Classic Ball Mystery Soccer Novel Smart.,430.93
449,Soccer Tool,Electronics,Shirt Novel Classic Soccer Device Cotton Phone Tool Soccer Device.,226.18
450,Smart Lamp,Sports,Book Soccer Shirt Smart Desk Wireless Lamp Novel Tool Leather.,456.12
451,Running Book,Sports,Shirt Jacket Leather Running Mystery Cotton Classic Smart Smart Garden.,287.52
452,Smart Lamp,Home & Garden,Device Tool Shirt Garden Cotton Lamp Leather Shoe Lamp Leather.,190.02
453,Cotton Shirt,Sports,Desk Desk Ball Lamp Leather Desk Wireless Phone Garden Phone.,467.19
454,Smart Shirt,Sports,Shirt Mystery Soccer Cotton Leather Shirt Ball Jacket Jacket Leather.,190.32
455,Mystery Phone,Clothing,Phone Classic Smart Phone Novel Lamp Leather Tool Wireless Desk.,341.15
456,Running Shirt,Sports,Ball Shoe Running Wireless Novel Smart Desk Book Desk Ball.,128.75
457,Soccer Book,Clothing,Cotton Novel Soccer Garden Cotton Smart Mystery Classic Tool Cotton.,26.54
458,Mystery Shirt,Home & Garden,Leather Novel Mystery Running Classic Shirt Cotton Desk Cotton Shirt.,262.77
459,Classic Phone,Books,Shoe Running Running Soccer Soccer Desk Soccer Leather Leather Smart.,350.01
460,Cotton Phone,Home & Garden,Desk Garden Lamp Mystery Classic Shirt Desk Desk Mystery Smart.,187.15
461,Classic Shoe,Sports,Cotton Mystery Garden Ball Smart Ball Novel Leather Soccer Book.,473.75
462,Leather Device,Books,Lamp Phone Lamp Cotton Book Ball Cotton Running Desk Running.,76.64
463,Wireless Jacket,Electronics,Phone Running Mystery Ball Desk Device Wireless Book Ball Leather.,148.0
464,Desk Ball,Electronics,Lamp Desk Mystery Leather Leather Ball Desk Desk Mystery Wireless.,253.04
465,Running Tool,Sports,Wireless Ball Phone Shoe Shirt Lamp Desk Shoe Wireless Phone.,329.65
466,Mystery Lamp,Clothing,Tool Novel Ball Device Shoe Wireless Running Phone Wireless Lamp.,153.58
467,Garden Book,Clothing,Novel Smart Leather Running Shirt Smart Running Leather Leather Desk.,242.56
468,Classic Novel,Sports,Desk Novel Device Desk Leather Cotton Ball Shoe Device Jacket.,331.74
469,Garden Shoe,Clothing,Garden Cotton Soccer Leather Mystery Cotton Mystery Soccer Classic Device.,190.29
470,Classic Ball,Home & Garden,Shoe Classic Smart Jacket Wireless Shirt Garden Book Book Desk.,447.35
471,Smart Ball,Sports,Cotton Cotton Soccer Phone Shirt Running Soccer Shirt Classic Classic.,139.08
472,Cotton Book,Clothing,Jacket Novel Device Mystery Shirt Mystery Novel Ball Smart Lamp.,233.95
473,Classic Lamp,Sports,Phone Running Book Running Shirt Mystery Mystery Running Soccer Mystery.,350.33
474,Wireless Device,Books,Desk Device Soccer Shirt Soccer Shoe Mystery Novel Leather Soccer.,226.52
475,Leather Shirt,Sports,Lamp Lamp Mystery Book Novel Smart Cotton Shirt Cotton Novel.,187.09
476,Leather Shoe,Sports,Running Shoe Leather Running Book Desk Jacket Cotton Soccer Jacket.,279.63
477,Classic Jacket,Clothing,Novel Tool Shirt Classic Tool Cotton Cotton Book Novel Running.,366.44
478,Soccer Jacket,Sports,Mystery Tool Shoe Desk Wireless Mystery Jacket Classic Jacket Shirt.,124.64
479,Soccer Lamp,Books,Phone Book Shirt Ball Jacket Ball Mystery Classic Smart Novel.,68.31
480,Running Tool,Sports,Ball Lamp Lamp Garden Lamp Shoe Garden Cotton Garden Phone.,491.22
481,Desk Book,Sports,Lamp Soccer Mystery Smart Wireless Phone Ball Smart Smart Device.,33.86
482,Leather Phone,Books,Leather Mystery Cotton Garden Shoe Mystery Garden Shoe Running Book.,437.76
483,Desk Tool,Clothing,Mystery Classic Wireless Mystery Lamp Soccer Leather Mystery Phone Shoe.,313.44
484,Classic Tool,Home & Garden,Shirt Running Cotton Leather Lamp Wireless Soccer Device Garden Book.,413.39
485,Soccer Jacket,Sports,Cotton Jacket Tool Mystery Running Shoe Smart Smart Shoe Cotton.,56.96
486,Desk Novel,Home & Garden,Leather Device Ball Running Smart Wireless Classic Soccer Ball Ball.,484.96
487,Desk Lamp,Books,Novel Shirt Book Book Device Mystery Jacket Desk Tool Novel.,244.67
488,Desk Book,Home & Garden,Phone Jacket Leather Book Smart Shoe Running Mystery Running Phone.,429.04
489,Classic Ball,Clothing,Soccer Novel Book Jacket Classic Running Lamp Novel Garden Shoe.,245.54
490,Leather Book,Home & Garden,Smart Leather Running Running Wireless Shoe Mystery Shirt Running Cotton.,229.52
491,Garden Device,Home & Garden,Jacket Ball Book Phone Mystery Tool Classic Lamp Shirt Novel.,172.77
492,Soccer Novel,Sports,Garden Phone Jacket Device Book Jacket Novel Desk Lamp Running.,158.83
493,Wireless Tool,Sports,Desk Book Wireless Classic Shoe Shoe Garden Tool Device Shoe.,12.13
494,Running Lamp,Clothing,Jacket Novel Soccer Running Lamp Shoe Mystery Book Mystery Ball.,361.13
495,Cotton Ball,Sports,Running Book Novel Running Ball Mystery Jacket Tool Novel Wireless.,58.05
496,Desk Phone,Books,Tool Soccer Tool Soccer Desk Soccer Garden Smart Smart Novel.,421.05
497,Desk Shoe,Electronics,Ball Classic Desk Smart Shoe Device Shoe Running Classic Cotton.,371.28
498,Leather Lamp,Electronics,Tool Classic Desk Phone Lamp Leather Running Shoe Device Novel.,460.29
499,Smart Shirt,Clothing,Cotton Mystery Desk Soccer Mystery Tool Smart Shirt Device Tool.,220.19
500,Mystery Ball,Electronics,Desk Shirt Lamp Cotton Garden Phone Lamp Tool Novel Smart.,262.16
501,Running Tool,Sports,Jacket Jacket Garden Novel Mystery Mystery Novel Book Soccer Lamp.,418.01
502,Desk Device,Electronics,Device Cotton Running Tool Wireless Garden Lamp Mystery Running Classic.,83.82
503,Soccer Phone,Books,Ball Phone Jacket Desk Soccer Cotton Cotton Tool Book Device.,433.07
504,Leather Lamp,Electronics,Shoe Leather Wireless Jacket Device Smart Lamp Classic Phone Leather.,458.88
505,Mystery Device,Electronics,Jacket Book Shirt Cotton Jacket Leather Jacket Classic Desk Mystery.,107.03
506,Soccer Novel,Clothing,Soccer Running Wireless Shirt Classic Device Running Wireless Desk Ball.,23.99
507,Cotton Shoe,Home & Garden,Soccer Ball Ball Desk Running Phone Desk Wireless Wireless Soccer.,88.39
508,Desk Book,Electronics,Book Shirt Device Running Running Desk Shoe Mystery Cotton Wireless.,345.75
509,Smart Lamp,Clothing,Ball Shoe Ball Wireless Mystery Leather Smart Book Book Novel.,424.58
510,Leather Phone,Electronics,Soccer Cotton Ball Classic Phone Mystery Jacket Mystery Shoe Desk.,92.25
511,Smart Lamp,Home & Garden,Ball Smart Ball Running Cotton Ball Garden Soccer Shirt Cotton.,220.38
512,Soccer Shirt,Clothing,Ball Shoe Classic Jacket Leather Book Shirt Cotton Cotton Phone.,308.23
513,Classic Ball,Books,Shoe Shirt Cotton Ball Mystery Smart Classic Soccer Classic Garden.,190.52
514,Classic Lamp,Books,Device Lamp Shirt Novel Tool Smart Classic Book Wireless Desk.,236.06
515,Desk Book,Home & Garden,Wireless Leather Garden Tool Jacket Running Novel Phone Book Ball.,111.85
516,Wireless Jacket,Home & Garden,Lamp Soccer Tool Ball Garden Classic Phone Wireless Garden Mystery.,276.55
517,Wireless Novel,Clothing,Shoe Jacket Tool Wireless Novel Phone Novel Running Book Shirt.,114.07
518,Leather Device,Books,Device Soccer Jacket Shirt Running Phone Shirt Phone Novel Garden.,209.99
519,Soccer Ball,Books,Soccer Leather Device Book Novel Running Soccer Leather Shoe Tool.,32.35
520,Garden Jacket,Home & Garden,Shirt Shoe Device Desk Desk Ball Leather Classic Lamp Classic.,41.57
521,Garden Jacket,Books,Wireless Classic Running Smart Lamp Mystery Shoe Ball Phone Wireless.,198.14
522,Cotton Novel,Home & Garden,Book Lamp Wireless Soccer Lamp Device Cotton Wireless Shoe Device.,473.76
523,Leather Jacket,Home & Garden,Mystery Device Shoe Jacket Tool Leather Device Shirt Shoe Wireless.,288.38
524,Soccer Book,Home & Garden,Garden Running Novel Tool Smart Novel Jacket Tool Phone Novel.,129.87
525,Smart Shirt,Electronics,Novel Device Tool Mystery Device Cotton Phone Novel Mystery Classic.,390.93
526,Running Novel,Sports,Soccer Classic Shirt Shirt Ball Cotton Mystery Novel Cotton Smart.,231.41
527,Leather Novel,Electronics,Garden Novel Lamp Ball Mystery Desk Jacket Leather Device Soccer.,451.67
528,Garden Shirt,Electronics,Cotton Leather Classic Running Jacket Jacket Wireless Lamp Soccer Running.,141.3
529,Soccer Shirt,Sports,Desk Phone Ball Wireless Device Ball Garden Cotton Ball Shirt.,278.2
530,Leather Tool,Home & Garden,Wireless Phone Book Soccer Shirt Wireless Wireless Shirt Jacket Shoe.,28.3
531,Desk Ball,Home & Garden,Cotton Ball Device Garden Smart Desk Phone Classic Cotton Cotton.,311.78
532,Soccer Device,Sports,Leather Soccer Wireless Lamp Tool Running Desk Shoe Running Shirt.,193.26
533,Desk Novel,Clothing,Shirt Ball Novel Shoe Leather Ball Novel Tool Garden Novel.,423.01
534,Desk Tool,Sports,Ball Soccer Tool Leather Leather Shoe Novel Shirt Device Wireless.,272.04
535,Smart Tool,Sports,Classic Shoe Shirt Classic Device Leather Lamp Soccer Tool Soccer.,113.0
536,Leather Tool,Home & Garden,Desk Book Phone Desk Ball Device Soccer Lamp Lamp Lamp.,351.57
537,Wireless Device,Books,Classic Ball Soccer Ball Shirt Novel Running Mystery Desk Device.,442.75
538,Running Ball,Clothing,Shirt Shirt Classic Desk Leather Shirt Novel Running Shoe Mystery.,267.88
539,Cotton Device,Sports,Garden Device Phone Desk Ball Device Novel Jacket Mystery Phone.,126.22
540,Smart Tool,Books,Lamp Shirt Device Lamp Smart Jacket Novel Classic Tool Leather.,90.91
541,Mystery Phone,Electronics,Tool Running Smart Leather Mystery Desk Device Garden Shirt Soccer.,257.94
542,Soccer Device,Books,Ball Phone Book Ball Classic Ball Novel Cotton Ball Shirt.,294.45
543,Desk Shoe,Clothing,Shoe Soccer Cotton Phone Device Book Mystery Tool Soccer Desk.,20.11
544,Cotton Novel,Electronics,Book Cotton Phone Shoe Phone Shirt Ball Classic Shirt Garden.,343.03
545,Mystery Ball,Clothing,Novel Wireless Shirt Shirt Cotton Jacket Classic Running Jacket Shoe.,425.4
546,Garden Book,Electronics,Classic Running Device Book Classic Cotton Shoe Running Novel Garden.,387.32
547,Soccer Device,Electronics,Soccer Leather Desk Lamp Ball Wireless Lamp Cotton Garden Device.,89.91
548,Wireless Tool,Books,Shirt Ball Cotton Jacket Soccer Ball Wireless Ball Phone Jacket.,102.47
549,Running Device,Electronics,Wireless Ball Soccer Novel Shirt Shirt Soccer Mystery Cotton Jacket.,316.31
550,Mystery Device,Sports,Ball Wireless Device Cotton Device Tool Desk Phone Device Smart.,83.02
551,Smart Shirt,Sports,Classic Book Tool Garden Device Leather Wireless Classic Cotton Desk.,368.11
552,Leather Novel,Clothing,Wireless Shoe Ball Tool Desk Ball Tool Shoe Book Book.,405.28
553,Mystery Phone,Electronics,Cotton Book Shirt Desk Wireless Running Soccer Desk Phone Mystery.,306.5
554,Running Phone,Electronics,Jacket Cotton Classic Desk Lamp Shoe Ball Lamp Device Shirt.,16.9
555,Wireless Ball,Electronics,Shoe Leather Running Shoe Smart Cotton Shoe Leather Phone Book.,308.91
556,Leather Shoe,Electronics,Shirt Cotton Garden Jacket Book Garden Ball Wireless Cotton Shoe.,95.28
557,Wireless Jacket,Clothing,Ball Lamp Device Jacket Smart Shirt Ball Soccer Phone Soccer.,285.53
558,Mystery Tool,Books,Classic Device Running Leather Jacket Wireless Tool Book Device Classic.,293.0
559,Leather Shirt,Clothing,Book Garden Desk Soccer Classic Phone Smart Smart Leather Shoe.,141.77
560,Soccer Lamp,Sports,Shoe Running Wireless Phone Shoe Running Ball Novel Lamp Tool.,328.15
561,Garden Ball,Clothing,Classic Shoe Lamp Wireless Wireless Book Mystery Cotton Lamp Garden.,285.62
562,Classic Device,Home & Garden,Ball Cotton Book Device Leather Running Smart Device Novel Mystery.,210.28
563,Running Shoe,Books,Jacket Running Mystery Soccer Garden Smart Cotton Smart Classic Shirt.,189.93
564,Mystery Jacket,Books,Cotton Phone Shirt Cotton Garden Smart Shirt Leather Lamp Jacket.,499.09
565,Classic Shirt,Sports,Book Lamp Tool Lamp Book Device Book Novel Phone Jacket.,397.65
566,Wireless Ball,Home & Garden,Garden Garden Smart Smart Phone Jacket Cotton Mystery Garden Classic.,12.66
567,Classic Shirt,Books,Novel Smart Lamp Phone Garden Garden Jacket Phone Phone Leather.,440.79
568,Soccer Shoe,Sports,Leather Device Shirt Device Tool Mystery Desk Mystery Shirt Jacket.,317.25
569,Wireless Ball,Electronics,Smart Classic Shoe Lamp Classic Classic Desk Book Jacket Novel.,441.61
570,Mystery Novel,Electronics,Ball Desk Lamp Leather Ball Device Jacket Wireless Desk Ball.,103.0
571,Cotton Shirt,Sports,Tool Book Tool Running Classic Shoe Tool Phone Tool Shirt.,193.67
572,Classic Shoe,Books,Shoe Leather Phone Ball Mystery Ball Shirt Shoe Ball Device.,63.55
573,Classic Jacket,Home & Garden,Leather Phone Cotton Classic Ball Desk Soccer Phone Phone Classic.,443.67
574,Cotton Lamp,Books,Phone Device Ball Shirt Running Device Novel Jacket Shoe Novel.,441.25
575,Garden Ball,Home & Garden,Ball Smart Tool Wireless Ball Tool Smart Tool Tool Garden.,197.5
576,Mystery Tool,Electronics,Classic Device Leather Garden Shoe Novel Phone Shirt Classic Tool.,329.09
577,Smart Book,Books,Phone Running Book Cotton Lamp Wireless Classic Phone Wireless Shoe.,94.8
578,Classic Ball,Home & Garden,Smart Tool Desk Smart Smart Ball Ball Running Book Running.,225.85
579,Wireless Device,Electronics,Classic Novel Garden Lamp Jacket Shoe Garden Jacket Leather Lamp.,428.91
580,Wireless Tool,Home & Garden,Garden Tool Running Soccer Leather Tool Ball Wireless Mystery Phone.,384.72
581,Desk Phone,Electronics,Desk Soccer Smart Ball Leather Soccer Classic Book Classic Lamp.,139.18
582,Garden Tool,Sports,Shoe Ball Phone Soccer Jacket Mystery Cotton Classic Phone Running.,459.73
583,Smart Lamp,Books,Tool Desk Novel Tool Jacket Tool Novel Running Cotton Soccer.,359.54
584,Desk Ball,Clothing,Lamp Cotton Ball Smart Jacket Jacket Phone Ball Leather Shirt.,280.5
585,Classic Phone,Sports,Novel Soccer Soccer Novel Book Cotton Book Desk Ball Mystery.,273.72
586,Desk Novel,Sports,Device Running Cotton Tool Lamp Wireless Leather Shoe Shoe Cotton.,71.71
587,Classic Device,Books,Garden Book Wireless Device Device Jacket Soccer Mystery Jacket Shirt.,238.56
588,Running Shoe,Clothing,Novel Leather Mystery Mystery Shirt Leather Tool Phone Tool Cotton.,198.32
589,Smart Tool,Home & Garden,Device Novel Cotton Novel Book Book Book Book Phone Jacket.,123.93
590,Classic Ball,Clothing,Cotton Device Tool Garden Leather Classic Mystery Classic Shirt Ball.,444.19
591,Leather Device,Home & Garden,Jacket Tool Lamp Mystery Phone Wireless Leather Novel Cotton Wireless.,474.41
592,Cotton Shoe,Sports,Jacket Ball Garden Tool Device Device Novel Desk Shoe Cotton.,189.68
593,Wireless Phone,Clothing,Ball Tool Desk Novel Leather Classic Smart Shirt Soccer Device.,237.67
594,Running Novel,Clothing,Cotton Garden Shoe Wireless Lamp Smart Shoe Soccer Shoe Running.,249.62
595,Garden Lamp,Home & Garden,Jacket Device Book Mystery Tool Shirt Shoe Book Shirt Garden.,11.78
596,Desk Device,Home & Garden,Shoe Smart Book Device Lamp Leather Desk Leather Cotton Leather.,33.66
597,Mystery Jacket,Sports,Ball Classic Classic Cotton Device Novel Lamp Lamp Book Desk.,63.05
598,Classic Ball,Home & Garden,Jacket Book Cotton Book Ball Leather Smart Shoe Tool Running.,195.18
599,Smart Book,Clothing,Cotton Lamp Lamp Classic Shoe Classic Book Wireless Lamp Running.,242.57
600,Running Lamp,Electronics,Book Smart Running Lamp Book Desk Classic Lamp Classic Smart.,13.25
601,Classic Device,Electronics,Novel Device Novel Soccer Book Lamp Jacket Leather Cotton Ball.,235.56
602,Cotton Device,Sports,Leather Classic Jacket Shoe Wireless Novel Device Desk Mystery Ball.,274.67
603,Cotton Shoe,Home & Garden,Phone Soccer Soccer Ball Cotton Mystery Cotton Running Cotton Tool.,35.0
604,Garden Device,Home & Garden,Classic Phone Wireless Novel Novel Book Cotton Garden Cotton Shoe.,12.78
605,Classic Shoe,Books,Book Garden Book Shoe Book Smart Wireless Cotton Shirt Novel.,16.24
606,Mystery Book,Sports,Lamp Wireless Novel Running Novel Smart Shoe Novel Smart Book.,465.27
607,Soccer Device,Electronics,Book Mystery Novel Novel Running Lamp Soccer Wireless Tool Garden.,299.92
608,Soccer Novel,Clothing,Ball Device Desk Shoe Garden Novel Wireless Garden Leather Mystery.,461.27
609,Classic Shirt,Books,Cotton Jacket Running Ball Shirt Novel Jacket Garden Shirt Shoe.,375.29
610,Leather Ball,Clothing,Device Soccer Lamp Classic Smart Cotton Novel Desk Book Jacket.,471.4
611,Mystery Ball,Sports,Tool Running Phone Jacket Ball Phone Desk Device Cotton Device.,301.08
612,Classic Lamp,Electronics,Tool Book Lamp Novel Garden Leather Running Mystery Ball Device.,485.97
613,Garden Lamp,Clothing,Desk Ball Running Soccer Lamp Running Soccer Lamp Desk Lamp.,431.54
614,Mystery Jacket,Clothing,Mystery Mystery Cotton Novel Shirt Jacket Smart Desk Wireless Ball.,295.52
615,Soccer Tool,Clothing,Shoe Mystery Shoe Tool Leather Book Ball Mystery Shoe Leather.,290.04
616,Wireless Shirt,Books,Novel Soccer Wireless Running Cotton Desk Cotton Ball Leather Garden.,242.92
617,Soccer Jacket,Clothing,Shirt Desk Ball Garden Phone Running Lamp Tool Running Cotton.,439.5
618,Mystery Device,Books,Wireless Book Phone Desk Tool Leather Running Running Leather Cotton.,110.13
619,Running Novel,Books,Ball Tool Garden Leather Smart Desk Device Jacket Device Lamp.,60.96
620,Wireless Device,Electronics,Desk Book Wireless Book Smart Wireless Cotton Leather Shoe Ball.,92.79
621,Running Shirt,Electronics,Desk Running Shirt Leather Mystery Device Classic Classic Wireless Garden.,102.86
622,Classic Device,Electronics,Shirt Leather Novel Classic Tool Tool Novel Soccer Tool Mystery.,277.68
623,Soccer Book,Books,Phone Leather Cotton Garden Garden Wireless Leather Mystery Wireless Shoe.,467.0
624,Wireless Jacket,Clothing,Soccer Cotton Novel Shirt Classic Ball Soccer Phone Wireless Device.,301.59
625,Leather Tool,Electronics,Desk Classic Novel Jacket Book Leather Smart Lamp Phone Book.,338.04
626,Cotton Book,Electronics,Soccer Mystery Running Tool Garden Cotton Book Jacket Wireless Tool.,189.42
627,Classic Shoe,Clothing,Lamp Shirt Jacket Device Device Shirt Shoe Soccer Shoe Book.,430.47
628,Soccer Jacket,Home & Garden,Book Book Shoe Smart Running Jacket Cotton Ball Ball Desk.,34.37
629,Desk Novel,Home & Garden,Soccer Novel Novel Smart Tool Phone Phone Soccer Lamp Lamp.,421.16
630,Cotton Lamp,Electronics,Garden Running Leather Tool Phone Soccer Garden Wireless Shoe Leather.,447.24
631,Cotton Shirt,Books,Shirt Jacket Lamp Ball Desk Ball Device Garden Lamp Shirt.,335.87
632,Mystery Tool,Sports,Novel Jacket Wireless Novel Ball Soccer Smart Wireless Wireless Soccer.,197.56
633,Soccer Tool,Books,Shoe Cotton Leather Desk Tool Garden Book Lamp Leather Ball.,264.27
634,Soccer Lamp,Sports,Shoe Device Leather Ball Tool Smart Running Ball Garden Device.,81.7
635,Garden Lamp,Electronics,Running Smart Wireless Garden Novel Leather Novel Shirt Garden Classic.,256.05
636,Desk Jacket,Sports,Leather Book Novel Running Classic Novel Soccer Ball Shoe Phone.,408.61
637,Garden Tool,Clothing,Soccer Smart Lamp Novel Phone Soccer Smart Desk Lamp Soccer.,493.34
638,Classic Lamp,Books,Cotton Shirt Shoe Device Device Cotton Leather Smart Wireless Garden.,304.73
639,Cotton Shirt,Clothing,Book Book Jacket Phone Phone Leather Tool Lamp Shirt Book.,496.62
640,Wireless Ball,Clothing,Book Desk Leather Shirt Lamp Shirt Desk Classic Book Soccer.,426.14
641,Smart Device,Clothing,Lamp Novel Wireless Running Tool Shoe Running Ball Desk Smart.,246.01
642,Soccer Shoe,Clothing,Lamp Device Smart Lamp Smart Leather Tool Garden Garden Desk.,212.57
643,Running Lamp,Clothing,Cotton Lamp Lamp Mystery Lamp Device Running Classic Wireless Classic.,491.56
644,Soccer Shoe,Books,Novel Cotton Lamp Wireless Leather Running Phone Desk Ball Desk.,491.66
645,Mystery Ball,Home & Garden,Smart Phone Soccer Wireless Running Smart Lamp Smart Tool Classic.,104.43
646,Smart Jacket,Electronics,Book Shirt Lamp Novel Ball Wireless Book Book Wireless Garden.,273.0
647,Leather Tool,Home & Garden,Mystery Shirt Phone Desk Device Running Jacket Book Jacket Lamp.,376.86
648,Cotton Device,Electronics,Tool Ball Classic Leather Smart Shoe Garden Book Desk Wireless.,414.23
649,Classic Novel,Home & Garden,Running Novel Lamp Soccer Phone Book Running Book Leather Smart.,179.96
650,Cotton Shirt,Sports,Running Cotton Cotton Book Running Mystery Jacket Jacket Running Wireless.,479.66
651,Classic Shirt,Home & Garden,Soccer Desk Lamp Shirt Classic Wireless Leather Shirt Phone Cotton.,180.04
652,Cotton Lamp,Books,Smart Shirt Wireless Phone Tool Phone Phone Jacket Ball Tool.,99.04
653,Wireless Book,Sports,Soccer Soccer Soccer Shirt Classic Novel Book Device Smart Phone.,195.61
654,Mystery Lamp,Home & Garden,Phone Jacket Wireless Shoe Tool Jacket Shoe Mystery Lamp Wireless.,57.01
655,Cotton Novel,Home & Garden,Cotton Device Classic Jacket Shirt Jacket Shirt Book Cotton Leather.,242.97
656,Mystery Phone,Electronics,Device Shoe Wireless Leather Tool Phone Shoe Jacket Running Phone.,104.99
657,Mystery Jacket,Electronics,Classic Cotton Ball Book Jacket Classic Book Ball Running Desk.,195.54
658,Smart Jacket,Home & Garden,Tool Classic Tool Smart Shoe Garden Shoe Classic Mystery Leather.,471.14
659,Running Book,Sports,Cotton Shoe Cotton Cotton Shoe Novel Leather Garden Lamp Phone.,75.82
660,Desk Jacket,Clothing,Lamp Garden Mystery Shoe Book Running Smart Shoe Shoe Book.,336.86
661,Smart Phone,Electronics,Running Shoe Smart Running Leather Book Mystery Garden Shirt Running.,250.83
662,Running Novel,Books,Ball Garden Wireless Jacket Garden Running Tool Shoe Wireless Shirt.,430.46
663,Desk Shirt,Electronics,Lamp Jacket Phone Smart Garden Smart Desk Jacket Leather Cotton.,116.44
664,Mystery Jacket,Home & Garden,Smart Jacket Tool Jacket Novel Shoe Running Leather Leather Leather.,27.95
665,Mystery Jacket,Electronics,Tool Book Wireless Smart Novel Soccer Ball Jacket Leather Running.,299.9
666,Cotton Ball,Books,Tool Desk Smart Soccer Running Lamp Lamp Jacket Tool Jacket.,272.41
667,Leather Device,Electronics,Garden Device Shirt Jacket Tool Mystery Cotton Cotton Tool Garden.,445.73
668,Soccer Shirt,Electronics,Shirt Novel Ball Tool Device Tool Desk Novel Wireless Garden.,154.73
669,Leather Tool,Clothing,Garden Book Jacket Garden Garden Shoe Tool Cotton Leather Soccer.,434.19
670,Wireless Book,Books,Tool Shirt Ball Cotton Lamp Cotton Desk Running Wireless Phone.,284.72
671,Leather Tool,Electronics,Garden Desk Device Lamp Wireless Classic Mystery Smart Book Phone.,154.44
672,Wireless Lamp,Books,Cotton Running Book Mystery Jacket Book Novel Shoe Classic Desk.,323.28
673,Smart Tool,Sports,Smart Running Cotton Tool Mystery Wireless Lamp Shirt Shirt Leather.,202.47
674,Desk Phone,Clothing,Garden Wireless Lamp Classic Running Classic Ball Smart Desk Shoe.,227.02
675,Classic Jacket,Home & Garden,Phone Mystery Wireless Classic Mystery Smart Lamp Book Lamp Soccer.,363.34
676,Smart Device,Sports,Garden Lamp Leather Smart Desk Cotton Lamp Jacket Lamp Smart.,152.87
677,Wireless Shirt,Books,Mystery Wireless Shoe Wireless Phone Phone Mystery Novel Mystery Ball.,113.22
678,Smart Lamp,Electronics,Classic Lamp Smart Wireless Soccer Mystery Device Phone Lamp Cotton.,151.51
679,Leather Novel,Electronics,Smart Garden Garden Device Ball Wireless Leather Wireless Phone Book.,302.82
680,Wireless Device,Sports,Jacket Leather Jacket Device Shoe Phone Novel Shoe Smart Device.,302.33
681,Mystery Shirt,Electronics,Smart Ball Cotton Classic Desk Shoe Book Wireless Tool Ball.,276.11
682,Smart Novel,Home & Garden,Cotton Shoe Shoe Running Mystery Phone Smart Garden Shirt Shirt.,470.76
683,Soccer Tool,Electronics,Leather Desk Smart Smart Lamp Ball Running Cotton Wireless Shirt.,362.61
684,Desk Ball,Sports,Smart Phone Smart Shoe Classic Ball Ball Running Soccer Wireless.,305.25
685,Soccer Tool,Books,Phone Running Mystery Tool Phone Wireless Tool Smart Wireless Shoe.,407.27
686,Cotton Device,Books,Mystery Leather Mystery Wireless Leather Soccer Wireless Wireless Soccer Ball.,354.59
687,Desk Tool,Sports,Soccer Jacket Soccer Jacket Classic Jacket Smart Jacket Classic Garden.,434.88
688,Cotton Tool,Sports,Ball Leather Garden Desk Mystery Classic Shirt Cotton Lamp Shirt.,114.56
689,Running Novel,Home & Garden,Running Mystery Jacket Shoe Desk Desk Tool Shoe Cotton Garden.,336.94
690,Smart Phone,Electronics,Tool Smart Classic Desk Book Novel Book Classic Device Garden.,479.94
691,Desk Lamp,Electronics,Jacket Desk Tool Running Shoe Tool Mystery Device Lamp Wireless.,36.04
692,Wireless Shirt,Sports,Tool Cotton Running Cotton Phone Shirt Running Shirt Garden Lamp.,148.25
693,Garden Shirt,Electronics,Tool Cotton Cotton Shirt Running Wireless Cotton Smart Novel Mystery.,169.66
694,Leather Lamp,Clothing,Garden Wireless Novel Ball Tool Garden Book Lamp Running Lamp.,18.34
695,Leather Book,Home & Garden,Mystery Device Cotton Jacket Desk Book Device Tool Lamp Lamp.,445.87
696,Leather Tool,Sports,Mystery Garden Smart Shoe Classic Smart Jacket Wireless Shirt Cotton.,443.33
697,Cotton Jacket,Clothing,Soccer Book Novel Jacket Soccer Novel Garden Ball Device Ball.,118.86
698,Cotton Device,Books,Smart Phone Tool Garden Shirt Classic Running Device Jacket Desk.,124.09
699,Cotton Novel,Sports,Mystery Shoe Wireless Phone Mystery Book Novel Garden Device Book.,313.54
700,Running Device,Clothing,Soccer Book Desk Tool Desk Garden Mystery Classic Wireless Shirt.,100.3
701,Running Phone,Electronics,Lamp Tool Shoe Wireless Soccer Soccer Leather Novel Wireless Smart.,139.29
702,Smart Shirt,Sports,Leather Jacket Shirt Device Tool Classic Lamp Lamp Desk Device.,210.34
703,Soccer Ball,Clothing,Mystery Shoe Device Leather Leather Book Garden Lamp Garden Jacket.,279.3
704,Smart Novel,Books,Cotton Desk Tool Jacket Cotton Lamp Book Book Smart Device.,293.53
705,Wireless Lamp,Sports,Wireless Smart Mystery Running Desk Cotton Leather Tool Lamp Smart.,171.42
706,Mystery Ball,Sports,Ball Phone Garden Classic Book Jacket Tool Classic Desk Wireless.,350.25
707,Smart Tool,Sports,Classic Novel Classic Desk Tool Classic Leather Lamp Phone Shirt.,71.36
708,Smart Tool,Sports,Smart Soccer Lamp Shoe Garden Desk Wireless Tool Smart Novel.,270.06
709,Classic Lamp,Clothing,Mystery Soccer Ball Book Novel Classic Soccer Phone Shirt Jacket.,281.36
710,Classic Shoe,Sports,Novel Garden Novel Jacket Lamp Shoe Phone Phone Lamp Phone.,407.76
711,Leather Tool,Books,Ball Shirt Wireless Phone Desk Phone Cotton Running Cotton Desk.,331.86
712,Smart Ball,Home & Garden,Book Novel Smart Soccer Garden Lamp Soccer Ball Shirt Smart.,129.14
713,Soccer Jacket,Electronics,Phone Phone Device Soccer Wireless Garden Jacket Smart Shirt Classic.,397.38
714,Mystery Device,Books,Mystery Running Running Running Novel Garden Classic Book Cotton Phone.,432.25
715,Soccer Tool,Clothing,Cotton Jacket Desk Device Book Garden Novel Garden Book Soccer.,336.87
716,Wireless Book,Clothing,Lamp Shoe Soccer Ball Mystery Phone Garden Smart Tool Jacket.,186.32
717,Leather Novel,Electronics,Shirt Shirt Classic Garden Mystery Ball Mystery Running Running Shirt.,333.5
718,Mystery Lamp,Clothing,Tool Running Running Ball Classic Book Desk Classic Shirt Garden.,120.39
719,Garden Shoe,Sports,Ball Mystery Leather Smart Jacket Novel Device Wireless Soccer Wireless.,368.88
720,Desk Jacket,Clothing,Tool Shirt Classic Device Ball Device Phone Smart Mystery Tool.,405.26
721,Desk Novel,Clothing,Cotton Jacket Ball Soccer Wireless Shirt Classic Book Smart Ball.,341.52
722,Leather Book,Home & Garden,Garden Phone Cotton Device Cotton Ball Running Smart Device Cotton.,229.99
723,Soccer Tool,Electronics,Running Running Jacket Mystery Smart Tool Smart Ball Leather Phone.,117.53
724,Running Lamp,Sports,Leather Shirt Wireless Mystery Novel Smart Novel Smart Ball Shoe.,90.27
725,Wireless Shoe,Books,Device Leather Desk Mystery Classic Shirt Device Shoe Smart Wireless.,480.98
726,Running Phone,Books,Book Novel Smart Running Tool Soccer Phone Jacket Device Novel.,16.0
727,Mystery Device,Books,Desk Classic Device Book Wireless Wireless Garden Soccer Running Soccer.,200.43
728,Mystery Device,Electronics,Shoe Shoe Mystery Running Wireless Ball Ball Wireless Cotton Garden.,308.92
729,Smart Phone,Sports,Novel Shoe Garden Shoe Lamp Smart Phone Book Shoe Lamp.,402.95
730,Desk Tool,Home & Garden,Garden Phone Ball Phone Novel Book Shirt Novel Phone Mystery.,493.29
731,Mystery Tool,Books,Device Lamp Cotton Ball Shoe Device Tool Jacket Shirt Wireless.,330.5
732,Wireless Shoe,Clothing,Soccer Smart Wireless Novel Shoe Cotton Book Ball Device Ball.,60.72
733,Leather Book,Sports,Classic Wireless Shoe Soccer Garden Phone Garden Desk Ball Lamp.,33.61
734,Smart Shirt,Books,Tool Device Jacket Mystery Garden Soccer Shirt Garden Desk Device.,139.18
735,Leather Book,Sports,Jacket Device Running Shirt Smart Shoe Book Lamp Mystery Classic.,210.45
736,Leather Book,Clothing,Novel Shoe Book Shirt Jacket Shirt Classic Jacket Wireless Classic.,150.92
737,Soccer Tool,Home & Garden,Tool Phone Leather Running Ball Book Novel Soccer Shirt Device.,489.88
738,Smart Novel,Clothing,Device Ball Garden Classic Shoe Garden Mystery Shirt Leather Novel.,238.69
739,Classic Book,Home & Garden,Shirt Phone Jacket Leather Classic Mystery Desk Cotton Cotton Device.,415.74
740,Mystery Phone,Sports,Classic Shoe Smart Device Ball Smart Ball Shirt Running Novel.,238.19
741,Smart Jacket,Sports,Cotton Tool Cotton Running Leather Soccer Novel Soccer Jacket Mystery.,173.33
742,Running Book,Sports,Running Jacket Phone Smart Classic Classic Smart Book Book Tool.,484.79
743,Smart Jacket,Clothing,Desk Wireless Tool Running Cotton Tool Novel Garden Cotton Running.,39.73
744,Leather Jacket,Home & Garden,Tool Cotton Jacket Shoe Soccer Novel Classic Running Wireless Novel.,183.77
745,Smart Tool,Electronics,Jacket Tool Cotton Shirt Lamp Ball Device Desk Cotton Leather.,475.72
746,Mystery Lamp,Home & Garden,Shirt Wireless Cotton Ball Device Shoe Smart Soccer Shoe Wireless.,487.01
747,Wireless Tool,Clothing,Garden Garden Running Soccer Novel Running Device Wireless Garden Garden.,247.44
748,Mystery Shoe,Books,Garden Smart Leather Shoe Smart Device Classic Classic Leather Running.,359.55
749,Soccer Tool,Sports,Desk Novel Lamp Ball Tool Wireless Mystery Novel Running Soccer.,253.28
750,Leather Device,Home & Garden,Tool Lamp Shirt Novel Cotton Device Soccer Jacket Wireless Device.,291.25
751,Leather Shirt,Books,Leather Leather Desk Device Phone Leather Novel Ball Smart Phone.,297.99
752,Wireless Shirt,Sports,Running Smart Cotton Desk Classic Novel Novel Shirt Cotton Leather.,206.69
753,Leather Shoe,Electronics,Smart Mystery Running Mystery Phone Garden Wireless Shoe Book Novel.,280.69
754,Soccer Book,Books,Device Wireless Cotton Cotton Smart Jacket Wireless Phone Garden Phone.,421.84
755,Desk Book,Sports,Tool Smart Cotton Novel Mystery Ball Ball Cotton Jacket Mystery.,61.91
756,Wireless Lamp,Home & Garden,Phone Device Smart Jacket Lamp Book Ball Classic Phone Ball.,295.46
757,Leather Ball,Sports,Classic Phone Shoe Wireless Shirt Soccer Running Leather Ball Cotton.,301.48
758,Desk Shirt,Sports,Shoe Leather Cotton Shoe Cotton Mystery Shoe Lamp Leather Mystery.,124.86
759,Wireless Ball,Sports,Classic Garden Shirt Running Soccer Garden Cotton Wireless Smart Jacket.,292.04
760,Leather Device,Books,Phone Shirt Phone Wireless Soccer Wireless Leather Phone Ball Wireless.,353.24
761,Leather Shoe,Clothing,Desk Soccer Desk Ball Cotton Desk Shoe Cotton Shirt Mystery.,20.4
762,Mystery Shoe,Sports,Desk Garden Mystery Book Jacket Classic Running Soccer Lamp Device.,124.04
763,Mystery Lamp,Sports,Lamp Novel Mystery Phone Phone Tool Leather Garden Tool Tool.,77.67
764,Wireless Device,Home & Garden,Phone Device Wireless Lamp Mystery Phone Desk Garden Garden Shirt.,417.07
765,Smart Book,Electronics,Device Garden Desk Garden Ball Wireless Wireless Jacket Running Running.,318.84
766,Desk Ball,Sports,Novel Shoe Leather Tool Jacket Device Classic Mystery Novel Leather.,486.47
767,Running Device,Electronics,Shoe Jacket Device Wireless Shoe Running Device Mystery Shirt Cotton.,454.49
768,Garden Book,Home & Garden,Shoe Novel Jacket Shoe Shoe Cotton Shirt Device Shoe Smart.,364.46
769,Wireless Phone,Electronics,Lamp Leather Shirt Shirt Garden Device Mystery Desk Smart Leather.,136.97
770,Wireless Shirt,Home & Garden,Running Book Soccer Jacket Novel Soccer Running Smart Classic Ball.,113.83
771,Desk Novel,Electronics,Mystery Phone Smart Device Shoe Leather Device Running Wireless Cotton.,380.7
772,Leather Novel,Clothing,Smart Ball Cotton Mystery Desk Lamp Jacket Mystery Shirt Phone.,360.27
773,Soccer Tool,Clothing,Shirt Novel Shirt Soccer Smart Book Leather Phone Shoe Novel.,163.62
774,Wireless Phone,Home & Garden,Book Running Shoe Classic Device Shoe Ball Leather Running Phone.,115.99
775,Leather Shirt,Sports,Desk Ball Jacket Lamp Classic Book Shoe Phone Cotton Smart.,153.39
776,Running Jacket,Home & Garden,Mystery Ball Soccer Novel Tool Book Shirt Wireless Wireless Leather.,385.65
777,Classic Shirt,Books,Desk Device Mystery Lamp Phone Mystery Leather Cotton Garden Lamp.,305.98
778,Classic Shirt,Electronics,Running Garden Classic Lamp Novel Device Jacket Desk Shoe Smart.,461.34
779,Desk Tool,Electronics,Lamp Desk Device Classic Mystery Phone Running Ball Smart Device.,183.61
780,Mystery Ball,Electronics,Shoe Leather Desk Classic Cotton Soccer Shoe Wireless Garden Mystery.,221.15
781,Smart Ball,Home & Garden,Book Cotton Desk Running Soccer Tool Book Leather Garden Device.,303.47
782,Wireless Ball,Home & Garden,Novel Ball Tool Novel Phone Soccer Phone Shirt Phone Running.,108.61
783,Running Shirt,Home & Garden,Shirt Lamp Device Wireless Tool Shirt Running Ball Tool Device.,424.24
784,Smart Novel,Electronics,Jacket Soccer Tool Device Garden Garden Jacket Running Tool Shirt.,284.06
785,Leather Tool,Home & Garden,Garden Shoe Soccer Running Novel Running Classic Wireless Running Garden.,321.81
786,Mystery Ball,Clothing,Desk Leather Garden Cotton Mystery Tool Phone Garden Device Lamp.,454.73
787,Mystery Device,Sports,Phone Lamp Classic Desk Shirt Mystery Book Soccer Book Mystery.,260.74
788,Classic Shirt,Sports,Classic Novel Mystery Wireless Book Shirt Phone Tool Tool Jacket.,26.01
789,Mystery Book,Clothing,Device Leather Device Garden Garden Cotton Desk Wireless Shirt Lamp.,431.98
790,Desk Novel,Home & Garden,Device Wireless Desk Leather Jacket Ball Classic Classic Classic Phone.,202.13
791,Classic Shoe,Sports,Device Shoe Classic Wireless Phone Desk Soccer Jacket Desk Phone.,193.12
792,Smart Novel,Sports,Jacket Jacket Wireless Mystery Novel Running Shoe Running Tool Garden.,24.73
793,Soccer Lamp,Electronics,Device Wireless Garden Garden Leather Smart Mystery Device Mystery Running.,158.59
794,Soccer Jacket,Sports,Classic Novel Cotton Mystery Lamp Ball Phone Tool Cotton Cotton.,186.36
795,Wireless Lamp,Clothing,Device Leather Desk Novel Wireless Soccer Cotton Phone Device Soccer.,258.73
796,Soccer Jacket,Books,Ball Mystery Shoe Book Mystery Device Tool Cotton Classic Smart.,378.91
797,Running Jacket,Clothing,Ball Classic Running Mystery Ball Novel Cotton Tool Cotton Leather.,270.31
798,Garden Phone,Books,Shirt Lamp Garden Phone Leather Garden Shoe Cotton Shirt Jacket.,87.4
799,Leather Phone,Books,Phone Ball Lamp Lamp Jacket Lamp Mystery Running Lamp Wireless.,161.9
800,Leather Jacket,Home & Garden,Wireless Cotton Desk Mystery Mystery Book Cotton Cotton Phone Book.,306.27
801,Classic Novel,Sports,Shirt Novel Book Jacket Garden Garden Wireless Classic Jacket Shoe.,335.29
802,Running Tool,Clothing,Phone Desk Shoe Wireless Mystery Mystery Jacket Classic Tool Ball.,165.99
803,Smart Book,Clothing,Leather Device Tool Classic Tool Running Device Novel Garden Soccer.,106.77
804,Smart Shoe,Clothing,Cotton Running Smart Cotton Ball Smart Running Desk Smart Ball.,158.07
805,Desk Novel,Sports,Book Phone Soccer Leather Device Garden Desk Cotton Jacket Tool.,23.36
806,Running Book,Home & Garden,Novel Wireless Classic Desk Shoe Shirt Jacket Classic Wireless Running.,216.56
807,Garden Shoe,Home & Garden,Device Smart Ball Desk Desk Ball Classic Novel Desk Running.,189.94
808,Running Device,Electronics,Book Desk Mystery Classic Shirt Smart Shoe Smart Classic Novel.,119.75
809,Soccer Jacket,Clothing,Wireless Book Shoe Desk Leather Lamp Device Device Novel Lamp.,364.32
810,Running Ball,Electronics,Cotton Running Book Shirt Phone Phone Lamp Cotton Device Jacket.,225.91
811,Soccer Jacket,Clothing,Jacket Lamp Mystery Shirt Jacket Shoe Mystery Desk Lamp Novel.,83.81
812,Garden Shoe,Books,Running Leather Classic Device Running Novel Garden Classic Soccer Tool.,204.3
813,Classic Device,Sports,Smart Cotton Shoe Wireless Tool Mystery Lamp Garden Smart Shoe.,366.93
814,Classic Device,Home & Garden,Ball Book Cotton Lamp Smart Tool Wireless Shoe Jacket Shirt.,140.02
815,Wireless Ball,Clothing,Classic Classic Leather Classic Leather Tool Desk Smart Cotton Shirt.,364.12
816,Desk Book,Sports,Phone Classic Desk Book Shoe Soccer Ball Jacket Mystery Smart.,476.99
817,Leather Novel,Electronics,Tool Device Mystery Phone Lamp Tool Lamp Garden Book Novel.,151.9
818,Cotton Shirt,Clothing,Ball Wireless Phone Shirt Device Desk Lamp Garden Device Smart.,60.77
819,Garden Ball,Clothing,Shoe Book Leather Lamp Shoe Wireless Jacket Tool Soccer Jacket.,384.29
820,Mystery Shirt,Home & Garden,Ball Shoe Smart Shoe Desk Book Phone Classic Novel Mystery.,75.43
821,Garden Device,Books,Garden Tool Desk Tool Soccer Device Device Desk Leather Desk.,310.63
822,Classic Book,Clothing,Jacket Garden Desk Leather Leather Classic Classic Soccer Wireless Leather.,479.85
823,Desk Ball,Books,Tool Device Lamp Running Ball Mystery Phone Phone Cotton Garden.,85.36
824,Cotton Shoe,Electronics,Desk Wireless Lamp Device Jacket Running Leather Desk Tool Ball.,167.72
825,Cotton Tool,Clothing,Wireless Wireless Leather Shoe Running Novel Ball Phone Phone Smart.,81.54
826,Cotton Lamp,Sports,Phone Shoe Shirt Shirt Ball Jacket Mystery Novel Novel Phone.,274.42
827,Running Tool,Clothing,Leather Tool Mystery Classic Running Running Classic Novel Shirt Leather.,342.43
828,Classic Jacket,Home & Garden,Lamp Running Ball Smart Desk Shoe Shirt Shoe Book Shirt.,364.61
829,Soccer Tool,Electronics,Ball Book Shoe Desk Wireless Running Novel Garden Garden Classic.,295.3
830,Wireless Shirt,Books,Desk Phone Lamp Classic Tool Soccer Ball Book Jacket Garden.,367.51
831,Garden Novel,Clothing,Shirt Desk Shirt Leather Shoe Phone Tool Desk Lamp Jacket.,461.16
832,Soccer Ball,Books,Book Device Phone Leather Wireless Phone Lamp Classic Garden Phone.,343.2
833,Classic Device,Sports,Leather Classic Desk Mystery Shirt Leather Garden Cotton Garden Phone.,185.87
834,Garden Book,Clothing,Cotton Wireless Phone Ball Book Desk Jacket Garden Wireless Jacket.,364.21
835,Smart Novel,Electronics,Book Smart Novel Lamp Garden Wireless Shoe Smart Novel Desk.,223.0
836,Leather Shirt,Home & Garden,Soccer Mystery Lamp Shirt Novel Running Jacket Mystery Classic Tool.,97.61
837,Leather Shirt,Home & Garden,Cotton Classic Book Mystery Lamp Running Shoe Leather Garden Shirt.,131.22
838,Classic Ball,Sports,Book Device Garden Leather Soccer Lamp Shirt Wireless Running Smart.,372.22
839,Garden Jacket,Books,Wireless Shirt Phone Desk Soccer Garden Tool Cotton Cotton Leather.,452.98
840,Smart Device,Clothing,Classic Desk Leather Smart Classic Smart Device Smart Classic Soccer.,306.5
841,Soccer Book,Clothing,Wireless Mystery Book Novel Novel Novel Smart Wireless Running Desk.,49.53
842,Running Book,Electronics,Cotton Book Shoe Soccer Garden Phone Phone Soccer Phone Running.,201.9
843,Leather Shoe,Clothing,Classic Garden Jacket Shoe Garden Shoe Ball Leather Lamp Leather.,387.49
844,Desk Shoe,Clothing,Device Wireless Device Cotton Lamp Book Wireless Wireless Leather Smart.,75.91
845,Mystery Shirt,Books,Classic Book Shirt Shoe Soccer Mystery Garden Lamp Desk Mystery.,138.49
846,Wireless Device,Clothing,Smart Phone Leather Desk Novel Device Leather Ball Book Phone.,30.19
847,Desk Lamp,Home & Garden,Cotton Shoe Classic Novel Device Ball Phone Ball Smart Shirt.,467.59
848,Soccer Book,Home & Garden,Smart Phone Ball Cotton Wireless Phone Phone Book Book Shoe.,431.51
849,Cotton Ball,Sports,Running Shoe Leather Mystery Smart Book Desk Wireless Tool Book.,140.51
850,Smart Book,Home & Garden,Running Device Tool Soccer Lamp Classic Novel Soccer Book Shirt.,376.79
851,Running Phone,Sports,Desk Leather Shirt Phone Running Smart Smart Classic Smart Classic.,306.33
852,Cotton Novel,Home & Garden,Desk Wireless Lamp Soccer Classic Wireless Smart Running Smart Phone.,96.7
853,Leather Phone,Electronics,Jacket Wireless Mystery Smart Device Desk Lamp Book Book Mystery.,346.22
854,Wireless Novel,Clothing,Tool Wireless Leather Ball Tool Cotton Mystery Wireless Smart Ball.,478.3
855,Running Lamp,Sports,Lamp Running Running Classic Novel Jacket Smart Running Running Shirt.,488.66
856,Running Tool,Electronics,Desk Desk Soccer Classic Novel Shoe Tool Shirt Lamp Tool.,21.69
857,Smart Lamp,Sports,Jacket Classic Desk Leather Running Smart Shoe Ball Phone Soccer.,430.2
858,Leather Book,Books,Desk Shoe Jacket Mystery Phone Phone Smart Desk Smart Lamp.,295.52
859,Soccer Device,Sports,Book Shirt Shoe Jacket Lamp Soccer Soccer Shirt Cotton Jacket.,448.3
860,Soccer Book,Home & Garden,Wireless Classic Jacket Running Shirt Mystery Jacket Classic Garden Cotton.,409.57
861,Soccer Jacket,Home & Garden,Soccer Shirt Wireless Garden Shirt Soccer Ball Device Desk Cotton.,360.8
862,Mystery Novel,Home & Garden,Running Phone Device Leather Garden Cotton Device Ball Lamp Wireless.,156.24
863,Smart Book,Clothing,Novel Device Leather Smart Wireless Wireless Novel Mystery Wireless Tool.,37.16
864,Classic Book,Books,Jacket Jacket Ball Jacket Cotton Wireless Running Smart Soccer Shirt.,144.33
865,Garden Tool,Sports,Ball Phone Book Soccer Shirt Jacket Desk Novel Desk Mystery.,17.26
866,Wireless Book,Sports,Ball Smart Smart Phone Wireless Mystery Leather Soccer Leather Phone.,208.96
867,Leather Jacket,Books,Soccer Running Phone Garden Device Phone Leather Cotton Shirt Garden.,38.99
868,Smart Novel,Sports,Garden Jacket Classic Lamp Lamp Phone Jacket Soccer Shirt Soccer.,228.01
869,Cotton Book,Books,Novel Cotton Leather Leather Tool Classic Phone Tool Lamp Soccer.,228.08
870,Desk Lamp,Electronics,Lamp Running Novel Jacket Smart Device Book Phone Shoe Running.,114.85
871,Classic Device,Sports,Ball Jacket Jacket Classic Garden Wireless Garden Device Book Desk.,114.69
872,Garden Phone,Clothing,Desk Running Mystery Lamp Soccer Lamp Shirt Ball Phone Ball.,222.55
873,Cotton Lamp,Electronics,Lamp Desk Book Phone Tool Cotton Tool Novel Garden Tool.,401.94
874,Classic Jacket,Sports,Book Ball Phone Classic Ball Smart Smart Ball Mystery Mystery.,237.98
875,Cotton Book,Electronics,Tool Novel Ball Classic Phone Leather Book Cotton Phone Running.,427.65
876,Wireless Tool,Home & Garden,Desk Novel Garden Soccer Desk Jacket Book Desk Cotton Mystery.,29.74
877,Wireless Device,Electronics,Desk Garden Leather Wireless Garden Shirt Mystery Jacket Running Novel.,208.29
878,Cotton Shirt,Clothing,Smart Smart Running Leather Garden Novel Leather Shoe Lamp Lamp.,233.26
879,Leather Ball,Home & Garden,Soccer Jacket Cotton Running Classic Smart Ball Desk Ball Soccer.,312.02
880,Classic Tool,Clothing,Running Smart Shoe Shoe Running Lamp Wireless Shirt Wireless Smart.,130.1
881,Mystery Shirt,Home & Garden,Tool Lamp Tool Desk Novel Device Lamp Classic Novel Shoe.,243.94
882,Classic Phone,Clothing,Book Tool Shirt Jacket Ball Book Desk Desk Ball Shoe.,58.3
883,Garden Shirt,Sports,Lamp Tool Running Garden Phone Wireless Desk Classic Lamp Tool.,298.75
884,Soccer Novel,Books,Lamp Novel Leather Tool Cotton Desk Lamp Phone Classic Wireless.,191.27
885,Mystery Novel,Home & Garden,Desk Soccer Running Soccer Phone Desk Jacket Tool Cotton Mystery.,375.7
886,Smart Ball,Books,Jacket Garden Phone Tool Lamp Desk Tool Cotton Shoe Desk.,178.18
887,Leather Phone,Clothing,Book Cotton Garden Book Classic Device Phone Device Smart Desk.,112.71
888,Mystery Phone,Clothing,Mystery Book Cotton Cotton Lamp Cotton Leather Ball Wireless Phone.,137.13
889,Running Shoe,Home & Garden,Smart Jacket Shirt Ball Tool Desk Classic Phone Leather Jacket.,191.44
890,Garden Tool,Home & Garden,Running Shoe Smart Soccer Lamp Desk Smart Mystery Desk Smart.,397.32
891,Mystery Device,Clothing,Leather Tool Shoe Running Lamp Book Wireless Shirt Desk Cotton.,488.44
892,Cotton Book,Sports,Phone Novel Device Phone Book Tool Lamp Smart Soccer Soccer.,96.48
893,Classic Jacket,Sports,Phone Lamp Running Soccer Device Garden Book Smart Shoe Shoe.,442.1
894,Running Novel,Home & Garden,Desk Shoe Ball Lamp Book Classic Leather Tool Desk Shirt.,47.61
895,Garden Tool,Electronics,Device Device Wireless Wireless Shoe Novel Running Phone Running Novel.,133.87
896,Wireless Book,Electronics,Device Phone Garden Lamp Jacket Jacket Ball Wireless Classic Book.,214.15
897,Leather Novel,Sports,Ball Shoe Shirt Novel Cotton Cotton Jacket Novel Wireless Cotton.,470.6
898,Mystery Tool,Books,Lamp Smart Cotton Tool Ball Cotton Device Jacket Classic Running.,33.72
899,Leather Device,Clothing,Garden Book Garden Mystery Mystery Smart Soccer Lamp Ball Book.,395.03
900,Garden Tool,Electronics,Running Mystery Classic Classic Book Smart Device Desk Book Lamp.,285.93
901,Soccer Tool,Home & Garden,Novel Phone Ball Ball Running Soccer Desk Phone Running Classic.,424.45
902,Soccer Novel,Clothing,Classic Book Classic Soccer Book Cotton Jacket Garden Book Cotton.,32.17
903,Smart Tool,Books,Book Cotton Device Tool Jacket Mystery Phone Mystery Phone Leather.,240.16
904,Classic Ball,Sports,Device Device Smart Wireless Garden Phone Running Tool Garden Classic.,418.76
905,Leather Lamp,Home & Garden,Novel Classic Running Phone Tool Wireless Shoe Desk Novel Shirt.,165.56
906,Running Shirt,Clothing,Garden Desk Tool Jacket Book Running Shoe Wireless Soccer Tool.,413.3
907,Smart Phone,Sports,Garden Leather Mystery Running Wireless Ball Cotton Tool Cotton Cotton.,238.64
908,Leather Phone,Clothing,Desk Device Classic Device Classic Novel Ball Shirt Cotton Classic.,355.72
909,Smart Tool,Books,Running Device Book Soccer Desk Smart Mystery Garden Ball Running.,94.83
910,Running Shoe,Electronics,Novel Ball Running Novel Device Cotton Classic Ball Novel Cotton.,368.13
911,Running Tool,Home & Garden,Garden Wireless Ball Phone Desk Jacket Jacket Desk Shoe Mystery.,372.16
912,Smart Shoe,Clothing,Novel Lamp Smart Running Mystery Mystery Shoe Lamp Soccer Shoe.,32.63
913,Cotton Lamp,Sports,Phone Novel Shoe Running Device Shirt Mystery Shirt Cotton Novel.,198.45
914,Leather Device,Books,Phone Smart Leather Device Book Tool Ball Jacket Cotton Desk.,347.83
915,Classic Device,Clothing,Classic Desk Book Soccer Leather Smart Ball Device Mystery Shirt.,359.87
916,Leather Phone,Sports,Wireless Leather Shirt Running Device Device Phone Novel Jacket Device.,489.99
917,Garden Device,Sports,Ball Garden Desk Device Tool Garden Mystery Mystery Novel Phone.,417.59
918,Wireless Device,Sports,Cotton Running Cotton Lamp Book Jacket Smart Book Shoe Lamp.,404.43
919,Soccer Jacket,Home & Garden,Phone Shirt Shirt Garden Classic Garden Shoe Cotton Classic Desk.,258.33
920,Running Book,Books,Mystery Mystery Shirt Phone Shirt Phone Garden Leather Running Garden.,74.64
921,Desk Novel,Clothing,Lamp Running Tool Book Soccer Wireless Cotton Soccer Desk Wireless.,185.1
922,Leather Lamp,Clothing,Phone Desk Ball Running Tool Mystery Lamp Jacket Mystery Soccer.,424.09
923,Smart Lamp,Sports,Shirt Phone Leather Cotton Tool Shirt Running Ball Classic Book.,455.97
924,Running Shoe,Home & Garden,Leather Phone Wireless Soccer Shoe Cotton Wireless Device Mystery Jacket.,100.15
925,Desk Shirt,Electronics,Tool Cotton Desk Garden Leather Ball Shirt Leather Desk Running.,124.46
926,Running Lamp,Home & Garden,Garden Novel Garden Lamp Jacket Lamp Wireless Mystery Leather Lamp.,268.94
927,Classic Shoe,Electronics,Device Shoe Book Ball Wireless Shoe Jacket Shoe Garden Soccer.,202.21
928,Smart Ball,Sports,Soccer Classic Novel Ball Soccer Phone Phone Leather Classic Mystery.,329.6
929,Running Phone,Books,Shirt Jacket Book Novel Desk Book Smart Shoe Jacket Garden.,193.17
930,Classic Lamp,Sports,Device Smart Desk Book Soccer Classic Tool Book Running Phone.,84.85
931,Soccer Novel,Clothing,Tool Shoe Novel Cotton Wireless Lamp Soccer Smart Device Classic.,484.74
932,Leather Tool,Electronics,Running Wireless Wireless Shoe Wireless Garden Lamp Desk Lamp Desk.,19.05
933,Mystery Jacket,Home & Garden,Book Jacket Running Phone Desk Lamp Lamp Novel Lamp Shoe.,392.03
934,Wireless Phone,Home & Garden,Phone Mystery Tool Shirt Running Novel Cotton Shoe Shoe Lamp.,329.59
935,Mystery Novel,Clothing,Book Lamp Tool Novel Cotton Desk Leather Tool Mystery Smart.,485.3
936,Desk Ball,Electronics,Soccer Shoe Soccer Phone Jacket Lamp Soccer Device Soccer Cotton.,170.88
937,Desk Shoe,Clothing,Jacket Ball Running Book Desk Wireless Tool Book Shoe Soccer.,281.97
938,Soccer Device,Sports,Lamp Device Book Mystery Running Device Wireless Lamp Device Shoe.,488.86
939,Mystery Novel,Sports,Mystery Lamp Phone Mystery Tool Book Garden Phone Ball Cotton.,190.28
940,Leather Lamp,Electronics,Classic Garden Lamp Mystery Shirt Soccer Book Lamp Phone Tool.,483.5
941,Mystery Shirt,Clothing,Running Wireless Novel Tool Novel Classic Wireless Leather Phone Cotton.,134.84
942,Mystery Novel,Home & Garden,Leather Garden Wireless Novel Leather Cotton Phone Leather Desk Leather.,317.28
943,Classic Tool,Books,Leather Phone Desk Garden Leather Jacket Novel Device Shirt Phone.,474.48
944,Desk Novel,Clothing,Cotton Novel Desk Classic Book Shirt Desk Novel Tool Garden.,38.75
945,Soccer Jacket,Electronics,Lamp Ball Novel Leather Garden Soccer Jacket Soccer Book Running.,208.61
946,Running Phone,Sports,Soccer Phone Mystery Phone Leather Leather Classic Smart Shirt Shoe.,477.97
947,Wireless Device,Sports,Shoe Running Soccer Ball Running Novel Ball Device Jacket Smart.,465.94
948,Soccer Lamp,Clothing,Cotton Garden Cotton Running Cotton Desk Cotton Jacket Shirt Classic.,171.67
949,Classic Ball,Electronics,Book Classic Leather Soccer Lamp Shoe Desk Jacket Soccer Novel.,324.59
950,Desk Lamp,Electronics,Wireless Wireless Leather Jacket Book Novel Shoe Classic Soccer Desk.,432.01
951,Garden Shoe,Sports,Jacket Novel Ball Jacket Leather Mystery Novel Book Smart Shirt.,214.13
952,Smart Device,Books,Shoe Shirt Tool Device Garden Smart Soccer Soccer Novel Ball.,240.71
953,Mystery Shoe,Home & Garden,Novel Cotton Ball Mystery Tool Classic Garden Phone Garden Novel.,139.98
954,Smart Lamp,Home & Garden,Novel Soccer Tool Book Desk Lamp Wireless Phone Garden Novel.,279.24
955,Classic Device,Books,Phone Jacket Mystery Desk Mystery Classic Desk Wireless Book Jacket.,250.72
956,Desk Novel,Sports,Book Smart Leather Garden Shoe Desk Tool Smart Cotton Soccer.,22.21
957,Cotton Tool,Home & Garden,Cotton Tool Desk Wireless Lamp Book Classic Book Leather Shoe.,134.45
958,Garden Shoe,Home & Garden,Mystery Running Desk Soccer Cotton Shirt Tool Device Classic Soccer.,412.48
959,Garden Lamp,Sports,Wireless Shirt Wireless Garden Book Leather Ball Leather Novel Leather.,380.82
960,Garden Shirt,Books,Cotton Classic Desk Book Ball Phone Shirt Device Smart Classic.,390.04
961,Smart Device,Books,Lamp Ball Running Device Garden Cotton Ball Cotton Running Shirt.,79.74
962,Cotton Device,Sports,Shirt Desk Book Phone Classic Desk Device Tool Running Phone.,401.5
963,Soccer Phone,Home & Garden,Garden Book Wireless Phone Cotton Garden Tool Smart Mystery Desk.,23.57
964,Mystery Jacket,Home & Garden,Shirt Soccer Lamp Smart Book Jacket Tool Soccer Shirt Wireless.,246.37
965,Soccer Device,Clothing,Novel Tool Tool Novel Cotton Desk Running Garden Phone Lamp.,318.99
966,Soccer Shoe,Sports,Shoe Smart Soccer Ball Smart Desk Running Soccer Mystery Novel.,41.82
967,Mystery Book,Electronics,Phone Desk Device Garden Leather Shirt Wireless Running Ball Jacket.,111.22
968,Cotton Shoe,Home & Garden,Ball Lamp Cotton Lamp Cotton Phone Cotton Shirt Garden Classic.,151.92
969,Wireless Ball,Sports,Shoe Shoe Device Ball Smart Mystery Desk Mystery Jacket Shirt.,143.95
970,Leather Shirt,Electronics,Wireless Running Garden Running Classic Novel Book Wireless Desk Desk.,362.13
971,Soccer Tool,Home & Garden,Book Running Classic Shirt Jacket Ball Shoe Shirt Desk Ball.,298.15
972,Desk Shirt,Sports,Ball Classic Leather Classic Lamp Jacket Running Smart Tool Device.,70.59
973,Wireless Phone,Books,Tool Leather Cotton Soccer Book Shoe Device Classic Soccer Book.,425.44
974,Desk Ball,Books,Garden Classic Lamp Soccer Classic Ball Soccer Device Cotton Jacket.,490.93
975,Soccer Book,Sports,Garden Book Smart Cotton Desk Book Lamp Lamp Running Classic.,325.1
976,Garden Phone,Home & Garden,Desk Tool Classic Novel Cotton Lamp Jacket Jacket Running Lamp.,448.98
977,Desk Shoe,Books,Running Smart Wireless Book Desk Novel Desk Ball Tool Mystery.,456.71
978,Leather Jacket,Clothing,Wireless Novel Jacket Desk Shirt Device Garden Jacket Leather Smart.,349.03
979,Soccer Shirt,Books,Book Garden Device Leather Mystery Classic Classic Jacket Book Ball.,202.18
980,Soccer Lamp,Sports,Smart Shirt Cotton Shoe Shoe Garden Shoe Phone Shirt Jacket.,347.42
981,Soccer Tool,Clothing,Shoe Soccer Cotton Lamp Novel Novel Wireless Phone Desk Classic.,160.7
982,Garden Novel,Sports,Shoe Device Novel Cotton Tool Desk Wireless Novel Cotton Shirt.,252.02
983,Classic Device,Clothing,Shoe Shoe Mystery Wireless Soccer Wireless Wireless Classic Book Running.,208.83
984,Leather Tool,Electronics,Leather Mystery Book Ball Garden Jacket Garden Jacket Shirt Garden.,266.28
985,Leather Book,Electronics,Shoe Ball Jacket Tool Tool Garden Novel Shirt Shirt Garden.,274.46
986,Soccer Phone,Clothing,Phone Device Garden Leather Leather Jacket Leather Smart Device Shoe.,110.69
987,Smart Lamp,Sports,Classic Lamp Classic Book Book Classic Novel Soccer Soccer Classic.,185.13
988,Desk Book,Home & Garden,Wireless Wireless Ball Novel Desk Phone Garden Phone Shirt Lamp.,342.36
989,Classic Lamp,Books,Shirt Shoe Phone Garden Leather Wireless Lamp Desk Shoe Jacket.,355.23
990,Leather Shirt,Home & Garden,Shoe Desk Smart Soccer Cotton Garden Book Book Lamp Soccer.,88.81
991,Running Lamp,Clothing,Jacket Smart Running Smart Cotton Cotton Book Running Novel Garden.,21.29
992,Running Book,Electronics,Wireless Garden Ball Leather Leather Tool Lamp Ball Shirt Jacket.,107.22
993,Leather Shoe,Books,Garden Shirt Garden Novel Classic Shirt Leather Running Soccer Phone.,330.08
994,Garden Novel,Books,Ball Classic Ball Running Ball Jacket Tool Smart Classic Shirt.,353.97
995,Leather Tool,Books,Leather Soccer Running Desk Wireless Jacket Jacket Wireless Lamp Phone.,185.81
996,Smart Tool,Clothing,Garden Mystery Wireless Device Classic Lamp Lamp Book Smart Shoe.,323.5
997,Desk Device,Home & Garden,Wireless Device Cotton Smart Tool Desk Tool Novel Desk Shirt.,234.61
998,Soccer Lamp,Sports,Phone Classic Running Wireless Lamp Ball Device Running Phone Leather.,330.89
999,Cotton Device,Clothing,Novel Book Ball Cotton Shirt Classic Shirt Leather Novel Mystery.,394.96
1000,Soccer Tool,Sports,Soccer Novel Tool Cotton Mystery Jacket Phone Smart Smart Jacket.,202.97
